z_angstrom,reference_electron_line_density_e_per_angstrom,displaced_electron_line_density_e_per_angstrom,electron_charge_difference_e_per_angstrom,cumulative_charge_difference_e,cumulative_dipole_difference_e_angstrom
-18.10803148306344,1.7094488586924292e-07,3.762156255202734e-09,1.671827296140402e-07,1.3510853117010887e-08,-2.4465495360587894e-07
-18.027216597768753,2.0096922260888946e-07,2.0895465445686574e-08,1.800737571632029e-07,2.8063493146737972e-08,-5.069985474911291e-07
-17.94640171247407,1.731681721065461e-07,-2.070272945703733e-09,1.7523844505224983e-07,4.2225367982854386e-08,-7.611532423018522e-07
-17.865586827179385,1.9628611396874904e-07,9.394026873588932e-09,1.868920870951601e-07,5.73290305639339e-08,-1.0309890375525487e-06
-17.7847719418847,1.731031945483235e-07,-8.37837343659051e-09,1.81481567984914e-07,7.199544266373419e-08,-1.291827831953195e-06
-17.703957056590014,1.885029906084599e-07,-3.0544394247541262e-09,1.91557430033214e-07,8.74761343992129e-08,-1.565897333644418e-06
-17.62314217129533,1.7074519279847262e-07,-1.5077669501446405e-08,1.8582286229991903e-07,1.0249338770111079e-07,-1.8305485236061186e-06
-17.54232728600065,1.7784985166631607e-07,-1.619531041484958e-08,1.9404516208116566e-07,1.1817512521668862e-07,-2.10564269551754e-06
-17.461512400705963,1.6612639809646954e-07,-2.2088410658084087e-08,1.882148087545536e-07,1.3338568339694882e-07,-2.371242045803813e-06
-17.380697515411278,1.6459758056475857e-07,-2.97556128166233e-08,1.9435319338138186e-07,1.490923144267208e-07,-2.6442342487184522e-06
-17.299882630116592,1.5931534856848234e-07,-2.9321558383272324e-08,1.8863690695175467e-07,1.6433698442437088e-07,-2.9079652504126587e-06
-17.21906774482191,1.4906647715657084e-07,-4.3435047760078434e-08,1.9250152491664927e-07,1.7989397307956172e-07,-3.1758420919718154e-06
-17.138252859527224,1.5041000858101676e-07,-3.669099387198329e-08,1.8710100245300006e-07,1.9501451913132137e-07,-3.4349818335809983e-06
-17.057437974232542,1.316214674668938e-07,-5.695302528679344e-08,1.8857449275368726e-07,2.1025414513271388e-07,-3.694930808850253e-06
-16.976623088937856,1.3956209977284536e-07,-4.411499971938323e-08,1.8367709949222858e-07,2.2509798885943868e-07,-3.946929148989954e-06
-16.895808203643174,1.126762820041444e-07,-7.000926809476558e-08,1.8268555009890998e-07,2.398617006356784e-07,-4.1963739915351685e-06
-16.814993318348492,1.2692784230246895e-07,-5.1499340143059e-08,1.7842718244552793e-07,2.5428127291846745e-07,-4.43883900312371e-06
-16.734178433053806,9.26368634188931e-08,-8.234387369665443e-08,1.7498073711554752e-07,2.6842232111723976e-07,-4.675477826912379e-06
-16.65336354775912,1.1270981681506184e-07,-5.875506230353829e-08,1.7146487911860012e-07,2.822792356552763e-07,-4.906242062364531e-06
-16.572548662464435,7.193533137179447e-08,-9.368945896199441e-08,1.6562479033378888e-07,2.956641840880576e-07,-5.128064771611376e-06
-16.491733777169753,9.71359754847905e-08,-6.57768952129721e-08,1.629128706977626e-07,3.0882996904652507e-07,-5.345191392113886e-06
-16.410918891875067,5.101182317472616e-08,-1.0379649082450562e-07,1.548083139992318e-07,3.2134078518503644e-07,-5.550505381034159e-06
-16.330104006580385,8.0462034351336e-08,-7.247464700159657e-08,1.5293668135293258e-07,3.337003455459234e-07,-5.75233828720305e-06
-16.2492891212857,3.0283793707172235e-08,-1.1245219184470752e-07,1.4273598555187975e-07,3.4523553784572227e-07,-5.939776961952111e-06
-16.168474235991013,6.295352982539885e-08,-7.874899147173955e-08,1.417025212971384e-07,3.5668721085031805e-07,-6.124933041885912e-06
-16.08765935069633,1.0174117578653177e-08,-1.1947124067901416e-07,1.2964535825766734e-07,3.671644856068997e-07,-6.293487869093447e-06
-16.006844465401645,4.488804037563363e-08,-8.44783723489546e-08,1.2936641272458823e-07,3.776192174122221e-07,-6.460835135028731e-06
-15.926029580106963,-8.954173754604584e-09,-1.246907759126886e-07,1.1573660215808402e-07,3.869724576400242e-07,-6.609795115566553e-06
-15.845214694812277,2.655855975179873e-08,-8.955916567154805e-08,1.1611772542334679e-07,3.963564983007916e-07,-6.758487254541261e-06
-15.764399809517595,-2.6736541405320475e-08,-1.2798118750772966e-07,1.0124464610240919e-07,4.045385727622587e-07,-6.887472747623072e-06
-15.68358492422291,8.281391698346948e-09,-9.387797564314267e-08,1.0215936734148962e-07,4.127945703157387e-07,-7.016956386387252e-06
-15.602770038928226,-4.288309226768502e-08,-1.2925428318272824e-07,8.637119091504322e-08,4.197746482023032e-07,-7.125864936505126e-06
-15.52195515363354,-9.660237596524768e-09,-9.732258287988238e-08,8.76623452833576e-08,4.268590705810408e-07,-7.2358290229572885e-06
-15.441140268338856,-5.71464087212246e-08,-1.284645308077667e-07,7.13181220865421e-08,4.32622636436897e-07,-7.3248250517833726e-06
-15.36032538304417,-2.698321413354212e-08,-9.976296049718076e-08,7.277974636363864e-08,4.3850432329105066e-07,-7.4151696756643465e-06
-15.279510497749488,-6.931078624693784e-08,-1.255939115941986e-07,5.628312534726075e-08,4.430528376100159e-07,-7.48466874795014e-06
-15.198695612454804,-4.3400750936961164e-08,-1.0110677296663994e-07,5.770602202967878e-08,4.477163431611569e-07,-7.555547949308925e-06
-15.117880727160118,-7.926463973422727e-08,-1.206602689475834e-07,4.1395629213356125e-08,4.5106172618773557e-07,-7.606123050891407e-06
-15.037065841865434,-5.86589299031136e-08,-1.0122748030522542e-07,4.2568550402111816e-08,4.5450189870564325e-07,-7.65785315155056e-06
-14.956250956570749,-8.691494207821796e-08,-1.1372787486335426e-07,2.68129327851363e-08,4.566687827930881e-07,-7.690261613756186e-06
-14.875436071276065,-7.25243819202658e-08,-1.0002829664068425e-07,2.7503914720418447e-08,4.588915085063735e-07,-7.723325628008145e-06
-14.79462118598138,-9.226348771184762e-08,-1.0488786783054229e-07,1.262438011869467e-08,4.599117463375823e-07,-7.738419660240485e-06
-14.713806300686697,-8.480215260849372e-08,-9.742634341011585e-08,1.262419080162213e-08,4.609319688691536e-07,-7.753431016953621e-06
-14.632991415392011,-9.534645507245097e-08,-9.426423828350326e-08,-1.0822167889477146e-09,4.608445096434908e-07,-7.7521512268553e-06
-14.552176530097327,-9.532107839223629e-08,-9.332291609955648e-08,-1.998162292679815e-09,4.606830283870077e-07,-7.749801323104657e-06
-14.471361644802643,-9.627580008554346e-08,-8.200891937349613e-08,-1.4266880712047321e-08,4.5953005205875064e-07,-7.733116185690553e-06
-14.390546759507957,-1.0394603206885334e-07,-8.767165645824303e-08,-1.6274375610610316e-08,4.5821484026053654e-07,-7.714189568809697e-06
-14.309731874213275,-9.52245088231682e-08,-6.830512671377072e-08,-2.6919382109397482e-08,4.560393534831618e-07,-7.683058936329567e-06
-14.22891698891859,-1.1060944468423747e-07,-8.042052486887426e-08,-3.018891981536321e-08,4.535996393911128e-07,-7.648344447037108e-06
-14.148102103623906,-9.239932719983637e-08,-5.335222641205218e-08,-3.904710078778419e-08,4.5044405241985807e-07,-7.60369888037093e-06
-14.06728721832922,-1.1525000679011032e-07,-7.155752705613155e-08,-4.369247973397877e-08,4.469130496819163e-07,-7.5540272506875955e-06
-13.986472333034536,-8.806645780037797e-08,-3.738003270176745e-08,-5.068642509861052e-08,4.4281683205157445e-07,-7.496735616130731e-06
-13.90565744773985,-1.1788317425464045e-07,-6.108477131890314e-08,-5.6798402935737314e-08,4.382266756334016e-07,-7.432906473348075e-06
-13.824842562445168,-8.250574327915653e-08,-2.06197767041575e-08,-6.188596657499904e-08,4.3322536834329234e-07,-7.363764187455906e-06
-13.744027677150484,-1.1855086383025184e-07,-4.905037456220292e-08,-6.950048926804893e-08,4.2760869427517054e-07,-7.286568463610106e-06
-13.663212791855798,-7.604316997208673e-08,-3.312909640418077e-09,-7.273026033166865e-08,4.217310066290142e-07,-7.2062603665766104e-06
-13.582397906561114,-1.1734794921333054e-07,-3.550545659896369e-08,-8.184249261436685e-08,4.1511691497615306e-07,-7.116425141956986e-06
-13.501583021266429,-6.90196871876579e-08,1.4279768534341053e-08,-8.329945572199895e-08,4.083850790168701e-07,-7.02553469986718e-06
-13.420768135971747,-1.1441811253636892e-07,-2.0559787496713876e-08,-9.385832503965505e-08,4.0079992924483916e-07,-6.923736163500134e-06
-13.33995325067706,-6.177388183187327e-08,3.191150477810622e-08,-9.368538660997948e-08,3.932287554721655e-07,-6.822737059319916e-06
-13.259138365382377,-1.0992136846103148e-07,-4.361945156197451e-09,-1.0555942330483403e-07,3.846979827860123e-07,-6.709626363910586e-06
-13.178323480087693,-5.463739438980847e-08,4.93346389656901e-08,-1.0397203335549858e-07,3.762954948365326e-07,-6.598895659674803e-06
-13.097508594793009,-1.0406639412850981e-07,1.294223964511228e-08,-1.1700863377362209e-07,3.668394555196296e-07,-6.475045103448965e-06
-13.016693709498327,-4.794347578482032e-08,6.630232621856007e-08,-1.1424580200338039e-07,3.5760669413532723e-07,-6.354865076416617e-06
-12.935878824203641,-9.710691522449005e-08,3.114196689987614e-08,-1.282488821243662e-07,3.4724227543727507e-07,-6.220792212055304e-06
-12.855063938908957,-4.198707823883646e-08,8.257690281608966e-08,-1.245639810549261e-07,3.37175651596472e-07,-6.091385118932835e-06
-12.774249053614271,-8.927121495241843e-08,4.999119881174885e-08,-1.3926241376416727e-07,3.2592117560225993e-07,-5.947617639614847e-06
-12.693434168319587,-3.702075340628902e-08,9.795969708506835e-08,-1.3498045049135738e-07,3.150127459787761e-07,-5.8091522063094074e-06
-12.612619283024902,-8.086370304668317e-08,6.924779837182483e-08,-1.50111501418508e-07,3.028815022102265e-07,-5.6561454472271236e-06
-12.53180439773022,-3.327821998883388e-08,1.1223792691948486e-07,-1.4551614690831874e-07,2.911216314893063e-07,-5.508773047609957e-06
-12.450989512435534,-7.214013213453747e-08,8.861723438391458e-08,-1.6075736651845205e-07,2.7813004335384204e-07,-5.3470149199854096e-06
-12.37017462714085,-3.092272234326578e-08,1.252426109274122e-07,-1.56165333270678e-07,2.6550955985856603e-07,-5.190897335269897e-06
-12.289359741846166,-6.337513629892781e-08,1.077909548411057e-07,-1.7116609114003352e-07,2.516767918367447e-07,-5.020901472824229e-06
-12.20854485655148,-3.006323248504083e-08,1.3682552318600857e-07,-1.668887556710494e-07,2.3818969619021626e-07,-4.856243660638986e-06
-12.1277299712568,-5.4849006498941534e-08,1.2644564164763773e-07,-1.8129464814657927e-07,2.235383899957103e-07,-4.678556575385816e-06
-12.046915085962114,-3.074356734317677e-08,1.4685915524263292e-07,-1.7760272258580968e-07,2.0918544634191444e-07,-4.505647881954938e-06
-11.96610020066743,-4.680399392751722e-08,1.442648395250947e-07,-1.9106883345261193e-07,1.9374424048305245e-07,-4.320876865428663e-06
-11.885285315372744,-3.296254172438922e-08,1.552548581312435e-07,-1.8821739985563273e-07,1.7853347290325576e-07,-4.140092552876957e-06
-11.80447043007806,-3.947408574131724e-08,1.6090695015596225e-07,-2.003810358972795e-07,1.6233970247198707e-07,-3.948933668669574e-06
-11.723655544783377,-3.662360150230207e-08,1.6194688711533116e-07,-1.9857048861763322e-07,1.4629225121144362e-07,-3.7607988777192624e-06
-11.642840659488693,-3.304475202504805e-08,1.7607101258380097e-07,-2.0911576460884902e-07,1.293925846812693e-07,-3.5640387531099482e-06
-11.562025774194007,-4.1596723883990404e-08,1.6689797175183948e-07,-2.0849469563582988e-07,1.1254310976890957e-07,-3.3692246898916097e-06
-11.481210888899323,-2.767080259041709e-08,1.8942613212705094e-07,-2.1709693471746804e-07,9.499844589188981e-08,-3.167790703944692e-06
-11.400396003604639,-4.7681360007667763e-08,1.7011235248882463e-07,-2.177937124964924e-07,7.739747199858232e-08,-2.9671326315118796e-06
-11.319581118309953,-2.3474673280436265e-08,2.0070823655804284e-07,-2.241829098384791e-07,5.928015585495707e-08,-2.762052201778047e-06
-11.238766233015271,-5.461020026943732e-08,1.7161402357871776e-07,-2.2622422384815507e-07,4.099787115378942e-08,-2.5565818778161925e-06
-11.157951347720585,-2.052520536547578e-08,2.0964747301882043e-07,-2.301726783842962e-07,2.2396492552192252e-08,-2.3490286003790403e-06
-11.077136462425901,-6.209829759345613e-08,1.7146501171816561e-07,-2.3356330931162175e-07,3.5211005011266592e-09,-2.1399433068475977e-06
-10.996321577131216,-1.8851988698412158e-08,2.1605526701424355e-07,-2.349072557126557e-07,-1.5462902424180696e-08,-1.931189105859718e-06
-10.915506691836532,-6.978885893581605e-08,1.6975465765681913e-07,-2.3954351659263516e-07,-3.482158424069982e-08,-1.7198792849463694e-06
-10.83469180654185,-1.8435875556719492e-08,2.197469689457112e-07,-2.381828445024307e-07,-5.40703034983254e-08,-1.5113253441193493e-06
-10.753876921247164,-7.733899285185802e-08,1.666013912118943e-07,-2.439403840637523e-07,-7.378431765517879e-08,-1.2993232622528238e-06
-10.67306203595248,-1.9217218444208247e-08,2.206153560003251e-07,-2.3983257444453334e-07,-9.31663596488426e-08,-1.0924575256710139e-06
-10.592247150657794,-8.438079189258608e-08,1.6213983819570515e-07,-2.4652063008829124e-07,-1.1308889609220116e-07,-8.814330957949731e-07
-10.51143226536311,-2.108607707490406e-08,2.1859482011599223e-07,-2.396808971908963e-07,-1.324586803060105e-07,-6.778289210368168e-07
-10.430617380068425,-9.053190006081537e-08,1.5651890486406143e-07,-2.470508049248768e-07,-1.5242406276797386e-07,-4.695776557293485e-07
-10.349802494773742,-2.392429804430308e-08,2.136847649219861e-07,-2.3760906296628916e-07,-1.7162641193657194e-07,-2.708371343986755e-07
-10.268987609479057,-9.544761082303534e-08,1.4992540883034652e-07,-2.4537301965338187e-07,-1.9145620437427034e-07,-6.720524155740925e-08
-10.188172724184373,-2.7558159837642534e-08,2.0594921859736968e-07,-2.3350737843501222e-07,-2.103270763779583e-07,1.2505446187213893e-07
-10.107357838889689,-9.882208315278592e-08,1.425452645187741e-07,-2.4136734767156e-07,-2.298331508939176e-07,3.2220933703698675e-07
-10.026542953595003,-3.180657454231917e-08,1.955063718644148e-07,-2.2731294640673398e-07,-2.4820342058377456e-07,5.063996351514616e-07
-9.94572806830032,-1.0037287679999732e-07,1.345530696661881e-07,-2.349259464661854e-07,-2.671889340001845e-07,6.952243888281422e-07
-9.864913183005635,-3.6475968444490225e-08,1.8253542726987529e-07,-2.1901139571436552e-07,-2.848883148230697e-07,8.698272440388593e-07
-9.784098297710951,-9.987616664839313e-08,1.261504559608595e-07,-2.2602662260925264e-07,-3.0315463040278134e-07,1.0485466712077672e-06
-9.703283412416265,-4.135201360507812e-08,1.6727059925132864e-07,-2.0862261285640677e-07,-3.200144429306492e-07,1.2121422104458754e-06
-9.622468527121582,-9.719458006986828e-08,1.1750770977601138e-07,-2.1470228984587966e-07,-3.3736558385705004e-07,1.3791030179198186e-06
-9.5416536418269,-4.624567598329341e-08,1.4998955020608552e-07,-1.9623522618937892e-07,-3.5322431115232114e-07,1.5304215009714816e-06
-9.460838756532215,-9.22489074262806e-08,1.087888416298995e-07,-2.010377490561801e-07,-3.6947115378219786e-07,1.6841302593954992e-06
-9.38002387123753,-5.0959727029476644e-08,1.3101620997312188e-07,-1.819759370025985e-07,-3.8417751825745554e-07,1.8220763092325362e-06
-9.299208985942846,-8.50450873660413e-08,1.0015368412422113e-07,-1.8519877149026244e-07,-3.9914433573215756e-07,1.9612558727842515e-06
-9.218394100648162,-5.5320527239441835e-08,1.1071548600798658e-07,-1.6603601324742842e-07,-4.1256251709753516e-07,2.0849499567242755e-06
-9.137579215353476,-7.568247237014941e-08,9.170274199459786e-08,-1.6738521436474728e-07,-4.2608973399644835e-07,2.208555972701363e-06
-9.056764330058792,-5.916042426974094e-08,8.946318586190566e-08,-1.486236101316466e-07,-4.3810073400131925e-07,2.317336769113814e-06
-8.975949444764108,-6.433945083334337e-08,8.352545963469846e-08,-1.4786491046804184e-07,-4.500504197799028e-07,2.4245965445431965e-06
-8.895134559469424,-6.234109424910225e-08,6.764824305761086e-08,-1.299893373067131e-07,-4.6055549316387684e-07,2.5180405858507464e-06
-8.81431967417474,-5.1281913096120635e-08,7.567633501317997e-08,-1.2695824810930062e-07,-4.7081560942204405e-07,2.6084765304444296e-06
-8.733504788880055,-6.477572772709613e-08,4.5667310851980494e-08,-1.1044303857907663e-07,-4.797410509164085e-07,2.6864269164783306e-06
-8.65268990358537,-3.105669643404942e-08,7.391887998169926e-08,-1.0497557641574868e-07,-4.882246400831907e-07,2.7598327828079122e-06
-8.571875018290687,1.1588440386664196e-07,2.0619978384511083e-07,-9.031537997846887e-08,-4.955234671564965e-07,2.822397416260406e-06
-8.491060132996001,6.261790520654878e-07,7.087096775355269e-07,-8.25306254700391e-08,-5.021931701871563e-07,2.879030265762964e-06
-8.410245247701317,1.3496453791757315e-06,1.4198988849428306e-06,-7.025350576709908e-08,-5.078706991972738e-07,2.9267796771389917e-06
-8.329430362406633,2.669473648535972e-06,2.72979297873834e-06,-6.031933020236772e-08,-5.127453989486303e-07,2.967383149255557e-06
-8.248615477111949,4.5719027381019e-06,4.623056841371005e-06,-5.1154103269104577e-08,-5.168794119366754e-07,3.001483032771328e-06
-8.167800591817265,7.4130710750842285e-06,7.4525689578538714e-06,-3.949788276964288e-08,-5.200714288020871e-07,3.027554790013727e-06
-8.08698570652258,1.0978880068656968e-05,1.1012762714890214e-05,-3.38826462332455e-08,-5.228096509709071e-07,3.049698753554259e-06
-8.006170821227895,1.585676720045905e-05,1.58777742469897e-05,-2.1007046530648174e-08,-5.245073330266616e-07,3.0632906860927622e-06
-7.925355935933211,2.2083471620798907e-05,2.210329931901691e-05,-1.9827698218003093e-08,-5.261097061838071e-07,3.0759900637053255e-06
-7.844541050638527,3.0328631579307765e-05,3.0335623121814255e-05,-6.991542506490253e-09,-5.26674726889502e-07,3.08042239182561e-06
-7.763726165343842,4.04555592516682e-05,4.0466345308424895e-05,-1.0786056756694547e-08,-5.275464008290763e-07,3.087189829597931e-06
-7.682911280049157,5.3399358661424766e-05,5.339785585676085e-05,1.502804663914073e-09,-5.274249518425418e-07,3.086256747809334e-06
-7.602096394754473,6.953357198141247e-05,6.954287598334412e-05,-9.30400193165288e-09,-5.281768536914298e-07,3.091972778143975e-06
-7.52128150945979,9.020420354674985e-05,9.020427332049087e-05,-6.97737410112597e-11,-5.281824924483062e-07,3.092015188821806e-06
-7.440466624165106,0.000115918638730712,0.00011593689824537856,-1.8259514666563886e-08,-5.296581330316212e-07,3.1029946433312245e-06
-7.359651738870422,0.00014893057727032285,0.00014894236063219056,-1.1783361867707043e-08,-5.306104040693456e-07,3.1100030265298895e-06
-7.278836853575737,0.00019236119977752972,0.00019239525355463954,-3.4053777109820105e-08,-5.333624561603265e-07,3.1300347647126812e-06
-7.198021968281053,0.00024897290112879585,0.00024900268969324074,-2.978856444488514e-08,-5.357698155790332e-07,3.1473629906940803e-06
-7.1172070829863685,0.00032208263668449794,0.00032214266007184823,-6.002338735029353e-08,-5.406205987427455e-07,3.181887018984885e-06
-7.036392197691684,0.0004179501867742212,0.0004180137278089493,-6.354103472810263e-08,-5.457556601758027e-07,3.218019325187116e-06
-6.955577312397,0.0005424579308424247,0.0005425652084385679,-1.0727759614317933e-07,-5.544252868028032e-07,3.278321583460834e-06
-6.874762427102315,0.0007034431723698645,0.0007035618936071185,-1.1872123725407101e-07,-5.640197299735339e-07,3.3442811008799422e-06
-6.79394754180763,0.0009107068052904325,0.0009108812580341768,-1.744527437443251e-07,-5.781181084485745e-07,3.440064744663918e-06
-6.713132656512947,0.001179311689494978,0.0011795122734330526,-2.0058393807465685e-07,-5.94328276396034e-07,3.5488857524795676e-06
-6.632317771218262,0.0015272485220403538,0.0015275563299455247,-3.078079051708864e-07,-6.192037369452163e-07,3.7138677115471477e-06
-6.551502885923578,0.0019779190204669787,0.0019782833326409894,-3.643121740106933e-07,-6.486455834993475e-07,3.906756054213458e-06
-6.470688000628893,0.0025616987012771087,0.0025621906606766963,-4.919593995875854e-07,-6.8840322594666e-07,4.164015354130577e-06
-6.3898731153342085,0.003320368203170529,0.0033209644627653534,-5.962595948242125e-07,-7.365898767082337e-07,4.471921938349955e-06
-6.309058230039525,0.00430739229860925,0.004308249203209968,-8.569046007177172e-07,-8.058405237237233e-07,4.908828302838592e-06
-6.22824334474484,0.005590954120073267,0.005591882890398923,-9.287703256564278e-07,-8.808989910567541e-07,5.376310702472289e-06
-6.147428459450155,0.007256252387954653,0.007257564184831966,-1.311796877312768e-06,-9.869117052267105e-07,6.028016278624234e-06
-6.066613574155471,0.009414078810350087,0.009415604357756784,-1.525547406696845e-06,-1.1101986439105192e-06,6.775950494359501e-06
-5.985798688860787,0.012205565789332923,0.012207569449107142,-2.0036597742183193e-06,-1.2721241787335457e-06,7.745204148396255e-06
-5.904983803566102,0.015808163503549917,0.015810737783696682,-2.57428014676514e-06,-1.4801643335107536e-06,8.973677892847052e-06
-5.824168918271418,0.020443344392001583,0.02044679893151814,-3.4545395165563875e-06,-1.7593425482872124e-06,1.0599658974006606e-05
-5.743354032976733,0.026394388915829937,0.02639887046306108,-4.481547231142968e-06,-2.1215182737147417e-06,1.267976238728708e-05
-5.662539147682049,0.03402729828878772,0.03403356985033758,-6.271561549857363e-06,-2.6283538009850174e-06,1.5549738401891087e-05
-5.581724262387365,0.043808866505283574,0.043816423426265454,-7.556920981879878e-06,-3.239065503316633e-06,1.895856272811936e-05
-5.50090937709268,0.056326109584203775,0.0563355813747088,-9.4717905050265e-06,-4.0045271665156305e-06,2.316929796901568e-05
-5.420094491797998,0.07231886031555795,0.07233159803264996,-1.2737717092009548e-05,-5.033924312222523e-06,2.8748727768334186e-05
-5.339279606503313,0.0927278602074343,0.09274309290259755,-1.523269516325032e-05,-6.26495282456949e-06,3.532153319933246e-05
-5.258464721208628,0.11872836165458366,0.11874760788445955,-1.9246229875896637e-05,-7.820334684345204e-06,4.350045383697092e-05
-5.177649835913945,0.15177397765472514,0.1517984101166392,-2.443246191405346e-05,-9.794841291396178e-06,5.3723757646979396e-05
-5.09683495061926,0.1936657935417119,0.19369620359619408,-3.0410054482177262e-05,-1.2252426356178434e-05,6.62496630992815e-05
-5.016020065324576,0.24665058376201204,0.2466862047602277,-3.5620998215663e-05,-1.5131133241059395e-05,8.068931459603241e-05
-4.935205180029891,0.3134908569142998,0.31353890089926806,-4.8043984968271225e-05,-1.9013802375369775e-05,9.985108342002317e-05
-4.8543902947352064,0.3975587393175265,0.39760885627396303,-5.0116956436530025e-05,-2.306399846110664e-05,0.00011951231599039874
-4.7735754094405225,0.5028184186542757,0.5028741423300123,-5.572367573658532e-05,-2.756730092395697e-05,0.00014100916988833402
-4.692760524145838,0.633856374471848,0.6339208557997587,-6.448132791070371e-05,-3.277835204270942e-05,0.0001654633848677215
-4.611945638851154,0.795580802533418,0.7956488724388053,-6.80699053873246e-05,-3.827941363860608e-05,0.00019083398190396865
-4.531130753556469,0.9924729462043071,0.9925444526948322,-7.150649052500846e-05,-4.405820246821007e-05,0.0002170184296880959
-4.450315868261785,1.2272500918574245,1.2273312224890436,-8.113063161907519e-05,-5.0614765156390925e-05,0.0002461972046605603
-4.3695009829671,1.4989449458089565,1.4990300301755588,-8.50843666022616e-05,-5.749084848372357e-05,0.00027624225751830394
-4.288686097672416,1.8008306745266822,1.8009000697317128,-6.939520503057572e-05,-6.309901401827065e-05,0.0003002939190797616
-4.207871212377731,2.119566544945471,2.1196502411661107,-8.369622063986171e-05,-6.986291448887966e-05,0.0003287555411534255
-4.1270563270830465,2.4365622694501425,2.436619131562649,-5.686211250655049e-05,-7.445821958870997e-05,0.00034772062414055715
-4.0462414417883625,2.731930225275602,2.731965558719693,-3.533344409101247e-05,-7.731368781999128e-05,0.0003592745380336777
-3.965426556493678,2.989108027131313,2.989133734177971,-2.5707046658052235e-05,-7.939119984692688e-05,0.0003675127593967231
-3.8846116711989938,3.1993125164504033,3.1993395236683067,-2.700721790338534e-05,-8.15737850639175e-05,0.0003759912554040313
-3.8037967859043094,3.362272759866706,3.362261368003646,1.1391863059984075e-05,-8.065315295743214e-05,0.000372489357956382
-3.7229819006096245,3.486859599693988,3.4868412007420697,1.8398951918463524e-05,-7.916624376859909e-05,0.0003669536219585064
-3.64216701531494,3.5876904968981846,3.5876609467235885,2.955017459616016e-05,-7.677814979817251e-05,0.0003582557848699462
-3.561352130020256,3.681766177074655,3.6817109698843105,5.5207190344575e-05,-7.231658704303388e-05,0.0003423665888487142
-3.480537244725572,3.784493372554213,3.7844421891599005,5.118339431264829e-05,-6.818020690266461e-05,0.00032796976371181574
-3.399722359430889,3.9071697576514843,3.9071163523554397,5.3405296044584105e-05,-6.386426402869288e-05,0.0003132967562211477
-3.318907474136205,4.0565289813884675,4.056493064941655,3.591644681222306e-05,-6.0961680499370444e-05,0.0003036633500513748
-3.23809258884152,4.23721036100497,4.2371687802096,4.15807953704217e-05,-5.760133329104807e-05,0.00029278223466017183
-3.1572777035468356,4.459427523634791,4.4593779035764145,4.9620058376831366e-05,-5.3591293965008906e-05,0.0002801214269057224
-3.0764628182521516,4.751222209920168,4.751192473638607,2.97362815606661e-05,-5.1188159781593235e-05,0.00027272827394317334
-2.995647932957467,5.169460702108712,5.16943980243255,2.0899676161256764e-05,-4.949915484992522e-05,0.0002676686098108671
-2.9148330476627824,5.793669884098168,5.793648574735552,2.1309362616683813e-05,-4.7777041154355084e-05,0.0002626489358991866
-2.834018162368098,6.680028450114574,6.6800229051937565,5.5449208176128195e-06,-4.73289290145116e-05,0.0002613789779560925
-2.753203277073414,7.785649009049357,7.785625309282506,2.3699766851237314e-05,-4.541363507491809e-05,0.00025610578440504484
-2.672388391778729,8.924419553524627,8.924409209805711,1.0343718916061562e-05,-4.457770861719612e-05,0.0002538718642430479
-2.591573506484045,9.829639850311493,9.82962816348754,1.168682395302767e-05,-4.363323927997302e-05,0.00025142420253101397
-2.5107586211893604,10.315976693110438,10.315930906051932,4.578705850555309e-05,-3.9932963398865746e-05,0.0002421337029617448
-2.429943735894676,10.400646722861032,10.400528187121639,0.00011853573939291095,-3.035351121650705e-05,0.0002188561731379197
-2.3491288505999917,10.258939945188692,10.258785250420425,0.00015469476826623918,-1.7851871263383152e-05,0.00018948821004422285
-2.2683139653053073,10.065129767573968,10.064846669626291,0.0002830979476762252,5.026656905231541e-06,0.0001375925250937233
-2.187499080010623,9.893847422887774,9.893443156651648,0.00040426623612610513,3.7697386406276505e-05,6.612533436691153e-05
-2.1066841947159385,9.751153563866756,9.750723891751043,0.0004296721157128758,7.242128915193691e-05,-7.026962726224611e-06
-2.0258693094212537,9.620234671283528,9.619738011789442,0.0004966594940860602,0.00011255876919701784,-8.834025170706205e-05
-1.9450544241265695,9.425757454074454,9.425239172933761,0.0005182811406925225,0.00015444360013248221,-0.00016980852742188045
-1.864239538831885,9.001375884074418,9.000800614139397,0.0005752699350214385,0.0002009339739447203,-0.0002564777204577291
-1.7834246535372007,8.179164292381198,8.178491344013555,0.0006729483676437553,0.0002553182190850955,-0.00035346792400508484
-1.7026097682425163,6.9472694128534505,6.946581471632373,0.0006879412210771818,0.000310914109955933,-0.0004481260308759178
-1.621794882947832,5.501126788015141,5.500427536161037,0.0006992518541046877,0.0003674240683374987,-0.0005397735922147359
-1.5409799976531473,4.125973724558053,4.125294025451505,0.0006796991065476377,0.00042235387366804545,-0.0006244193235040897
-1.4601651123584631,3.0308646665229797,3.030258134676807,0.0006065318461727642,0.00047137067524407055,-0.0006959919470847988
-1.3793502270637785,2.274727405356498,2.2741814690909625,0.0005459362655355626,0.0005154904519215354,-0.0007568485710628631
-1.2985353417690944,1.8044759812057793,1.8039863320653355,0.0004896491404438041,0.0005550613910411422,-0.0008082328340166657
-1.2177204564744097,1.5313763638287046,1.5309737590272279,0.0004026048014766914,0.0005875978518915702,-0.0008478531479755106
-1.1369055711797253,1.3816012305127838,1.3812534486853323,0.0003477818274515432,0.0006157038003846423,-0.0008798069574005747
-1.056090685885041,1.3095183673155562,1.3092314062705255,0.0002869610450306759,0.0006388945243228391,-0.0009042984649506357
-0.9752758005903566,1.2916984888638348,1.2914542419041328,0.00024424695970193255,0.0006586333143547262,-0.0009235492292016693
-0.8944609152956722,1.3175405674269642,1.317326972519674,0.0002135949072903376,0.0006758949622869236,-0.0009389890986106142
-0.8136460300009877,1.382801940997163,1.3825858409410512,0.00021610005611183425,0.0006933590635337763,-0.0009531986952576513
-0.7328311447063032,1.4859584966482982,1.4857075585561736,0.00025093809212450857,0.0007136385966648854,-0.0009680601687362313
-0.6520162594116188,1.6260385369019024,1.625743643406974,0.0002948934949282833,0.0007374703806316632,-0.0009835988793733556
-0.5712013741169344,1.800865771554129,1.8004744351688116,0.000391336385317409,0.000769096185722726,-0.001001663582698925
-0.49038648882225006,2.0055641450917494,2.0050443901179014,0.0005197549738480411,0.000811100124315597,-0.0010222617466621885
-0.40957160352756555,2.2318255832914984,2.231184849047605,0.0006407342438934371,0.0008628809887402214,-0.0010434697183366254
-0.32875671823288116,2.4681417512448904,2.4672879566669117,0.0008537945779787393,0.0009318802996247967,-0.0010661537053433686
-0.2479418329382005,2.701061428875821,2.699998144288881,0.0010632845869396057,0.0010178095215539267,-0.0010874591541314305
-0.16712694764351607,2.9173092341763898,2.9161101133247205,0.0011991208516692886,0.0011147163356360445,-0.0011036548941748326
-0.08631206234883168,3.1072737971609627,3.1059045804890513,0.0013692166719114773,0.0012253694239201401,-0.0011132055904299002
-0.005497177054147252,3.266640536326413,3.2648885796486935,0.001751956677719324,0.0013669536018712835,-0.0011139839037241635
0.07531770824053717,3.3968142347055377,3.3948313921938063,0.0019828425117314197,0.001527196792014282,-0.0011019147538814402
0.15613259353522158,3.5038315025908533,3.5014168120419358,0.0024146905489175197,0.0017223397317472097,-0.0010714465805908508
0.236947478829906,3.5947324115434163,3.5918265499185584,0.0029058616248578417,0.001957176605642321,-0.0010158025753851075
0.3177623641245904,3.6746923025664437,3.6712378655926146,0.003454436973829189,0.0022363465334400436,-0.000927092879135612
0.39857724941927486,3.745404930754516,3.7411689105721173,0.004236020182398548,0.00257868001858655,-0.0007906465402418032
0.47939213471395925,3.804846276024004,3.7997505240462663,0.005095751977737706,0.0029904926301575836,-0.0005932268132786348
0.5602070200086436,3.8476210037136145,3.8412364433432415,0.006384560370372938,0.00350646014414626,-0.0003041781898457703
0.6410219053033281,3.8659254172169417,3.8580786939806937,0.007846723236248021,0.0041405921824227785,0.00010231433754412638
0.7218367905980125,3.8517415908091572,3.842051321380561,0.009690269428596299,0.004923710194769375,0.0006675977302358883
0.8026516758926969,3.8006496911193133,3.788566695522191,0.012082995597122448,0.005900196097967002,0.0014513757769230571
0.8834665611873813,3.7154717544418334,3.7002671309885,0.015204623453333621,0.007128955998297026,0.002536944060592573
0.9642814464820657,3.6108344571632673,3.590743875821724,0.020090581341543512,0.00875257402491739,0.004102568799836415
1.04509633177675,3.5179256453095102,3.490026087631221,0.027899557678289444,0.01100727357846078,0.00645894703250329
1.1259112170714345,3.4912942953815636,3.44976930871929,0.041524986662273555,0.014363110612435715,0.010237321591719402
1.206726102366119,3.6135651235426263,3.549232192575233,0.06433293096739323,0.019562169049236446,0.016511161115133635
1.2875409876608035,3.9890493188251246,3.8907776947764656,0.09827162404865897,0.027503979074451165,0.026736567038813063
1.3683558729554879,4.70739684585126,4.568476935903542,0.13891990994771852,0.03873077566202392,0.04209882008389487
1.4491707582501723,5.7732298066708285,5.601053091765215,0.17217671490561326,0.05264521712753662,0.06226322177309956
1.5299856435448567,7.0421165609864005,6.863338229241659,0.17877833174474134,0.06709316750066292,0.08436837842263134
1.610800528839541,8.242274237775943,8.093286433723963,0.14898780405198053,0.07913359979543064,0.10376311313049986
1.6916154141342254,9.114182749765083,9.02001754015831,0.0941652096067731,0.08674355040855192,0.11663622288845601
1.7724302994289098,9.572004061658465,9.530840582455149,0.0411634792033162,0.09007017225869804,0.12253242825039726
1.8532451847235945,9.73197592063465,9.721772231919912,0.010203688714737424,0.09089478219176221,0.12406063263812367
1.9340600700182786,9.781847816278624,9.781126959951623,0.0007208563270015844,0.09095303811314279,0.12417330308950797
2.0148749553129632,9.840841668565961,9.840360785650457,0.0004808829155038552,-12.909008099389201,-26.495577731159923
2.0956898406076476,9.94294863878786,9.941313892422583,0.001634746365276385,0.09112401245079511,0.25452667441129584
2.176504725902332,10.088549641453739,10.087036998547125,0.0015126429066132374,0.09124625651378487,0.25479273919210654
2.2573196111970164,10.234526845039394,10.243099946209126,-0.008573101169732311,0.09055342232613323,0.25322879099301276
2.3381344964917012,10.242041922514993,10.282983638035057,-0.04094171552006465,0.0872447222826116,0.24549260528271122
2.418949381786385,9.916836042532887,10.011771718015106,-0.09493567548221904,0.07957250655814269,0.22693390379907538
2.4997642670810696,9.16138370279823,9.310784219416254,-0.14940051661802478,0.06749872094469044,0.19675228595416994
2.580579152375754,8.08446580662931,8.262329431685693,-0.1778636250563821,0.053124692487662176,0.15965896778230698
2.661394037670439,6.942010191915372,7.1119477932215025,-0.16993760130613023,0.03939120473085346,0.12310874534991628
2.7422089229651228,5.971236137830143,6.107816135609783,-0.13657999777963958,0.028353507876743643,0.09284107454759229
2.823023808259807,5.27390969109028,5.370618092249443,-0.09670840115916324,0.020538029530033548,0.0707777931018907
2.903838693554492,4.820645345869504,4.884571342169573,-0.06392599630006846,0.015371857471695099,0.05577606278132746
2.9846535788491764,4.5252188427122375,4.5671198777053155,-0.04190103499307796,0.011985630135000949,0.04566934724206635
3.0654684641438608,4.310855022316495,4.3395662445777905,-0.028711222261295077,0.009665336001284199,0.03855655874761965
3.1462833494385447,4.133993297294215,4.154820962511082,-0.020827665216867075,0.007982150625826998,0.0332607806268002
3.2270982347332295,3.9793380301512666,3.995172590699464,-0.01583456054819754,0.00670248243143268,0.02913116565562604
3.307913120027914,3.845397342326361,3.85776289933033,-0.012365557003968686,0.005703161360552069,0.02582549837413972
3.3887280053225983,3.7329606620424958,3.7428514494108507,-0.009890787368354914,0.004903838513904354,0.023116810658410425
3.4695428906172827,3.6391237200817956,3.6471061819020365,-0.007982461820240871,0.004258736777532391,0.02087860251525621
3.550357775911967,3.5553293513624387,3.561928604143333,-0.00659925278089446,0.0037254189210137786,0.018985133316332656
3.6311726612066515,3.4679483801540423,3.4735995502793173,-0.005651170125275051,0.0032687202555589283,0.017326781607923447
3.7119875465013363,3.3609266418093804,3.365791421229864,-0.004864779420483689,0.002875573664708598,0.01586742635873757
3.7928024317960203,3.218576666992648,3.222846441387255,-0.004269774394606962,0.002530512336774256,0.014558676915029434
3.873617317090701,3.030410718824905,3.034381895962939,-0.0039711771380339655,0.002209582111879168,0.013315516038298003
3.9544322023853855,2.7936929153908983,2.7972733276662205,-0.0035804122753222423,0.0019202315045413214,0.01217129867886145
4.0352470876800695,2.5145991178707403,2.5179347442708777,-0.0033356264001374036,0.0016506632396282963,0.011083524122940197
4.116061972974754,2.2074754225042006,2.2105134559254864,-0.003038033421285835,0.001405144917165664,0.010072955492183205
4.196876858269439,1.891587940561315,1.8943103469684466,-0.0027224064071316167,0.0011851339556478086,0.009149596579223304
4.277691743564123,1.5863302306184948,1.5887091228360533,-0.0023788922175584926,0.0009928840539574018,0.008327210762061235
4.358506628858808,1.3069900088296262,1.3090645092095654,-0.0020745003799391704,0.0008252335437088387,0.00759650490181131
4.439321514153492,1.062406479204802,1.0641878238738591,-0.0017813446690571055,0.0006812743786086912,0.006957423883022645
4.520136399448177,0.8552770659444121,0.8567770425228087,-0.0014999765783966224,0.0005600539434808551,0.0064094909818443735
4.600951284742861,0.6839414600485093,0.6851920760518055,-0.0012506160032962343,0.00045898555462677335,0.0059444802482993
4.681766170037545,0.5443756324223484,0.5454181913463789,-0.00104255892403049,0.0003747312747682998,0.005550021411177025
4.762581055332229,0.431782697819416,0.4326433649736871,-0.000860667154271133,0.00030517655741897577,0.005218761432020144
4.843395940626914,0.34151857443138717,0.3422243685453467,-0.0007057941139595458,0.00024813788705767173,0.004942500567533453
4.924210825921598,0.2694873136681473,0.2700653850528634,-0.0005780713847161056,0.0002014211144097003,0.004712457329908187
5.005025711216283,0.21220723942763567,0.2126799874401973,-0.00047274801256164123,0.00016321603800124125,0.004521239940184857
5.085840596510968,0.166770439459685,0.16715477496546347,-0.0003843355057784603,0.0001321560081870805,0.004363273579627153
5.166655481805652,0.13081028002798872,0.13112220144962278,-0.0003119214216340538,0.00010694811427676956,0.004233033076370657
5.247470367100337,0.10242770607391109,0.10268018155828179,-0.00025247548437069833,8.65443369676317e-05,0.004125964859564041
5.32828525239502,0.08008221690842182,0.0802858233332923,-0.00020360642487048108,7.0089907096463e-05,0.004038290963544938
5.4091001376897045,0.06251564487996356,0.06268079116828496,-0.00016514628832139944,5.674362874892624e-05,0.003966099607497636
5.489915022984389,0.04872127391175137,0.04885574214687654,-0.00013446823512516803,4.587659375150714e-05,0.003906440508810005
5.570729908279073,0.03790762878093643,0.03801725642530636,-0.0001096276443699265,3.701704824662508e-05,0.003857086373692198
5.651544793573758,0.029448001671677146,0.02953606620332496,-8.806453164781486e-05,2.9900123222976824e-05,0.003816864753128535
5.732359678868443,0.022837080484264877,0.022908696850349203,-7.161636608432609e-05,2.411245481264989e-05,0.003783687756098525
5.813174564163127,0.017676619444285696,0.01773507226881406,-5.845282452836276e-05,1.938859650323994e-05,0.0037562271431295646
5.893989449457812,0.013659671321874277,0.01370715797269018,-4.748665081590227e-05,1.5550968264524073e-05,0.003733608202779626
5.974804334752496,0.010544188192741548,0.010582470492655567,-3.828229991401956e-05,1.2457188588155877e-05,0.0037151234745584905
6.05561922004718,0.008133349848397876,0.008163823853058187,-3.0474004660311152e-05,9.994435397063155e-06,0.0037002099790002796
6.1364341053418645,0.006268491843157808,0.00629322622168836,-2.4734378530552603e-05,7.995529433281243e-06,0.003687943824270762
6.217248990636549,0.004829285881096972,0.00484904783606129,-1.9761954964317777e-05,6.398469309641185e-06,0.003678014503829069
6.298063875931233,0.003722298577248438,0.0037378534000668848,-1.5554822818446713e-05,5.1414080877892744e-06,0.003670097451957899
6.378878761225918,0.0028715968264672945,0.002883815728101077,-1.221890163378243e-05,4.1539389538281165e-06,0.0036637985060719025
6.459693646520603,0.002215884199706797,0.002225579327341937,-9.695127635139973e-06,3.370428326076955e-06,0.003658737267447837
6.540508531815287,0.001710065016577106,0.0017176456119839846,-7.580595406878618e-06,2.7578033778046486e-06,0.003654730388746863
6.621323417109972,0.0013207389458134802,0.0013265423490302945,-5.803403216814293e-06,2.2888020125189992e-06,0.0036516249790242428
6.702138302404655,0.0010213162441316964,0.0010257047105371043,-4.38846640540792e-06,1.9341486033463823e-06,0.0036492480428265417
6.78295318769934,0.0007894357130152105,0.0007928854672932958,-3.4497542780852902e-06,1.6553571070680729e-06,0.003647357013158159
6.8637680729940245,0.00060962752391296,0.0006122872007319818,-2.659676819021851e-06,1.440415630017891e-06,0.0036458817047104186
6.944582958288708,0.0004710281860722286,0.0004730340340724679,-2.005848000239275e-06,1.278313253959982e-06,0.0036447559713121414
7.025397843583393,0.00036495649877120787,0.00036639987055733634,-1.443371786128474e-06,1.1616673286264256e-06,0.003643936487279842
7.106212728878078,0.0002831072504492005,0.0002842155774697765,-1.1083270205760275e-06,1.0720980075895747e-06,0.003643299988630583
7.187027614172762,0.00021960837508992788,0.0002204276462562703,-8.19271166342412e-07,1.0058887022563705e-06,0.0036428241405248307
7.267842499467447,0.00017084665136385752,0.00017140309730057625,-5.564459367187304e-07,9.609195877077532e-07,0.0036424973120829374
7.348657384762132,0.00013332668591730377,0.00013376222590366022,-4.3553998635645634e-07,9.257214736691078e-07,0.00364223865320229
7.429472270056815,0.00010372515886748025,0.00010409773601966122,-3.7257715218097596e-07,8.956116938521821e-07,0.0036420149534280855
7.5102871553515,8.025192574160593e-05,8.054489023732089e-05,-2.9296449571496023e-07,8.719358017355625e-07,0.0036418371406796435
7.591102040646184,6.167882194477494e-05,6.193451895995447e-05,-2.5569701517953183e-07,8.512716767836355e-07,0.00364168027719855
7.671916925940868,4.707580369972461e-05,4.727754534286725e-05,-2.0174164314263747e-07,8.349679490339021e-07,0.003641555196353674
7.752731811235553,3.548945535392821e-05,3.567028611278319e-05,-1.8083075885497982e-07,8.203541319992862e-07,0.003641441899349479
7.833546696530238,2.6233242973052855e-05,2.637514253222293e-05,-1.418995591700741e-07,8.088865354015905e-07,0.0036413520673960476
7.914361581824922,1.8988496920064306e-05,1.9116638767132326e-05,-1.2814184706801967e-07,7.985307667293395e-07,0.00364127010809831
7.995176467119602,1.3436088997814511e-05,1.3537779219879806e-05,-1.0169022206529493e-07,7.903126830975417e-07,0.003641204403069448
8.075991352414286,9.233479471505798e-06,9.328738994646722e-06,-9.525952314092467e-08,7.826142956616815e-07,0.003641142230959099
8.156806237708972,5.961347775790315e-06,6.040269282203014e-06,-7.89215064126991e-08,7.762362631736555e-07,0.00364109020658393
8.237621123003656,3.587591497948165e-06,3.6634196691219173e-06,-7.582817117375229e-08,7.701082182181431e-07,0.0036410397260713545
8.31843600829834,1.958626508507035e-06,2.0283521216454164e-06,-6.972561313838146e-08,7.644733507902633e-07,0.0036409928527872393
8.399250893593024,9.985218981017721e-07,1.0705459108580114e-06,-7.202401275623925e-08,7.586527384609049e-07,0.00364094396400394
8.48006577888771,3.443232963229563e-07,4.1903480267894033e-07,-7.471150635598404e-08,7.52614936644553e-07,0.003640892763047382
8.560880664182394,6.960135120396752e-08,1.4851161088613325e-07,-7.891025968216572e-08,7.46237813059765e-07,0.0036408381692533964
8.641695549477078,-7.415740449112874e-09,8.161349882552604e-08,-8.902923927463891e-08,7.39042925299912e-07,0.0036407759932238493
8.722510434771763,3.212736564760812e-08,1.2593014599742316e-07,-9.380278034981503e-08,7.314622643656193e-07,0.0036407098708297336
8.803325320066447,-1.4785104878274429e-08,9.201987609583018e-08,-1.0680498097410461e-07,7.228308320792961e-07,0.0036406338855233256
8.884140205361131,2.801166503866499e-08,1.374217495641422e-07,-1.094100845254772e-07,7.139888686482879e-07,0.003640555332280526
8.964955090655817,-2.08515594829451e-08,1.0371447303633371e-07,-1.245660325192788e-07,7.039220790186285e-07,0.0036404650839635955
9.045769975950499,2.3858902988312134e-08,1.489443390054815e-07,-1.2508543601716936e-07,6.938133138548654e-07,0.0036403736423991917
9.126584861245185,-2.5402626643256374e-08,1.1645565399596075e-07,-1.4185828063921713e-07,6.823490531769059e-07,0.0036402690128512494
9.207399746539869,1.984897936928307e-08,1.6026940573595673e-07,-1.4042042636667367e-07,6.710009925270525e-07,0.003640164526720502
9.288214631834553,-2.827557950906345e-08,1.2995011256609446e-07,-1.5822569207515792e-07,6.582140013713266e-07,0.003640045758402155
9.369029517129238,1.6111385193755033e-08,1.71095258887222e-07,-1.5498387369346698e-07,6.456889973962632e-07,0.003639928411270199
9.44984440242392,-2.9436069192132985e-08,1.437920953648647e-07,-1.7322816455699768e-07,6.316895831477807e-07,0.0036397961189838235
9.530659287718606,1.2753100962045748e-08,1.8111015035678357e-07,-1.683570493947378e-07,6.180838275123935e-07,0.003639666447162515
9.61147417301329,-2.8897305390091632e-08,1.575557176014263e-07,-1.8645302299151796e-07,6.030156478464868e-07,0.0036395216197428193
9.692289058307976,9.780894000637668e-09,1.8995915848612275e-07,-1.8017826448548508e-07,5.88454562069497e-07,0.0036393804894904735
9.77310394360266,-2.675907095192506e-08,1.707493216316021e-07,-1.9750839258352715e-07,5.724929439781218e-07,0.003639224494937754
9.853918828897346,7.230172967213933e-09,1.973342372601359e-07,-1.9010406429292198e-07,5.57129705828236e-07,0.003639073106836088
9.934733714192028,-2.3224200265689448e-08,1.8292618351164465e-07,-2.061503837773341e-07,5.404696862098156e-07,0.003638907593977503
10.015548599486713,5.03013789492784e-09,2.0292441623977486e-07,-1.97894278344847e-07,5.244768828049024e-07,0.0036387474172777656
10.096363484781397,-1.8561720360282683e-08,1.9361297211816356e-07,-2.1217469247844624e-07,5.073300093698218e-07,0.00363857429621095
10.177178370076081,3.09907693541797e-09,2.0644816678829247e-07,-2.033490898528745e-07,4.908963759985832e-07,0.0036384070481928765
10.257993255370767,-1.3068426405288915e-08,2.023751109154897e-07,-2.1544353732077862e-07,4.7348533124252347e-07,0.003638228445813213
10.33880814066545,1.309750086125838e-09,2.0769419718729453e-07,-2.063844471011687e-07,4.568063958234357e-07,0.0036380560054999345
10.419623025960135,-7.131493553085574e-09,2.0883953740513874e-07,-2.159710309582243e-07,4.393527217295721e-07,0.0036378741447954666
10.500437911254819,-4.65274512721426e-10,2.0653015653807135e-07,-2.0699543105079276e-07,4.226244097126785e-07,0.0036376984901937692
10.581252796549505,-1.1375083377244422e-09,2.1270061565811665e-07,-2.1383812399584108e-07,4.053431062503241e-07,0.0036375156323531777
10.662067681844189,-2.393688132861552e-09,2.0286636888512568e-07,-2.0526005701798724e-07,3.887550382868351e-07,0.0036373387692498482
10.742882567138874,4.5087761402460275e-09,2.1374816906054517e-07,-2.0923939292029913e-07,3.718453807488517e-07,0.003637157110784661
10.823697452433557,-4.635577347610842e-09,1.966826029792759e-07,-2.0131818032688674e-07,3.555758750979998e-07,0.0036369810145777948
10.90451233772824,9.40775401228696e-09,2.118032082790212e-07,-2.0239545426673423e-07,3.3921930967726814e-07,0.0036368026542083487
10.985327223022926,-7.349624637429021e-09,1.8807204745720557e-07,-1.9542167209463459e-07,3.2342632966284484e-07,0.003636629163155075
11.06614210831761,1.319288046463023e-08,2.068296482160798e-07,-1.9363676775144957e-07,3.07777596488178e-07,0.003636455992049953
11.146956993612296,-1.0670208599085584e-08,1.7716238390372952e-07,-1.878325925028151e-07,2.925979270704598e-07,0.003636286784927778
11.22777187890698,1.5528591562950777e-08,1.9886896020321143e-07,-1.8334036864026065e-07,2.7778129620891203e-07,0.0036361204271764536
11.308586764201664,-1.4710556113614332e-08,1.641777894236542e-07,-1.7888834553726854e-07,2.6332445508376184e-07,0.003635956940734264
11.389401649496348,1.6130402606312095e-08,1.8803714067808962e-07,-1.7190673807177753e-07,2.4943183176510776e-07,0.0036357987120673174
11.470216534791032,-1.9557650885244536e-08,1.4936936935082364e-07,-1.6892702023606817e-07,2.357800140015571e-07,0.003635642122761462
11.551031420085717,1.4796882460323158e-08,1.745453335203103e-07,-1.5974845105998717e-07,2.2286996125314072e-07,0.0036354929983365425
11.631846305380401,-2.526721686052702e-08,1.3307052781861348e-07,-1.583377446791405e-07,2.1007391457907697e-07,0.003635344156688314
11.712661190675087,1.1373499658193528e-08,1.5867724522425152e-07,-1.47303745566058e-07,1.9816957927767862e-07,0.0036352047252422304
11.79347607596977,-3.1835618724651634e-08,1.156302408169607e-07,-1.4746585954161234e-07,1.8625214275394117e-07,0.0036350641772396886
11.874290961264455,5.800745287974074e-09,1.407679927357471e-07,-1.3496724744777303e-07,1.7534478013291012e-07,0.003634934660042305
11.955105846559139,-3.922795024858871e-08,9.74213304592485e-08,-1.366492807078372e-07,1.6430148418690514e-07,0.0036348026362703623
12.035920731853825,-1.901088964708385e-09,1.2122638020984696e-07,-1.2312746917455535e-07,1.5435095188893867e-07,0.0036346828724523883
12.116735617148503,-4.7374436424179645e-08,7.885423637800176e-08,-1.262286728021814e-07,1.4414979617553014e-07,0.003634559267745613
12.197550502443189,-1.1618219897602734e-08,1.004705709385957e-07,-1.1208879083619844e-07,1.350913534012829e-07,0.003634448776932392
12.278365387737873,-5.616646610791811e-08,6.030742786591025e-08,-1.1647389397382836e-07,1.2567852901996275e-07,0.0036343332028352937
12.359180273032559,-2.318346265574512e-08,7.898175048145752e-08,-1.0216521313720263e-07,1.1742205903917274e-07,0.003634231159634377
12.439995158327243,-6.54523331633307e-08,4.2157412798737634e-08,-1.0760974596206833e-07,1.0872558976265807e-07,0.003634122975598675
12.520810043621925,-3.634376080474483e-08,5.7200251048262276e-08,-9.35440118530071e-08,1.011658411747527e-07,0.003634028321422622
12.60162492891661,-7.50452716724788e-08,2.4767758624314266e-08,-9.981303029679306e-08,9.309946258040251e-08,0.003633926671945037
12.682439814211294,-5.076510793400459e-08,3.5621748518158766e-08,-8.638685645216336e-08,8.611811868525257e-08,0.003633838131471251
12.76325469950598,-8.475523737271418e-08,8.46325741512569e-09,-9.321849478783988e-08,7.858467672163017e-08,0.0036337419802326965
12.844069584800664,-6.610389163533585e-08,1.4685052282939946e-08,-8.07889439182758e-08,7.205572748579602e-08,0.003633658121954403
12.92488447009535,-9.433929179287179e-08,-6.476687188519261e-09,-8.786260460435252e-08,6.495512117300307e-08,0.0036335663474381386
13.005699355390032,-8.193227706573924e-08,-5.163555190881262e-09,-7.676872187485798e-08,5.8751065720466894e-08,0.0036334856593581433
13.086514240684718,-1.0358304751323532e-07,-1.9817431134205002e-08,-8.376561637903032e-08,5.198155704115703e-08,0.0036333970700864193
13.167329125979402,-9.780072016490373e-08,-2.356983951872632e-08,-7.423088064617741e-08,4.5982596936412796e-08,0.0036333180798042986
13.248144011274086,-1.122306470076148e-07,-3.137503888079804e-08,-8.085560812681675e-08,3.944826024021215e-08,0.0036332315119707304
13.328958896568771,-1.1324410939188013e-07,-4.015436772247222e-08,-7.30897416694079e-08,3.354152115098084e-08,0.0036331527812882014
13.409773781863453,-1.2004669788534806e-07,-4.101492210507897e-08,-7.903177578026909e-08,2.7154577256663184e-08,0.003633067133815421
13.49058866715814,-1.2781452387878122e-07,-5.465419034540919e-08,-7.316033353337203e-08,2.1242133294042874e-08,0.00363298737146589
13.571403552452823,-1.2680729475404116e-07,-4.865891825471207e-08,-7.814837649932908e-08,1.4926581211283787e-08,0.0036329016605599063
13.652218437747509,-1.4105042314249647e-07,-6.68178468092191e-08,-7.423257633327737e-08,8.927484069781075e-09,0.003632819759575301
13.733033323042193,-1.3229886876253872e-07,-5.4292879933276935e-08,-7.800598882926179e-08,2.6234390302458557e-09,0.0036327331859146994
13.813848208336879,-1.5253682409503075e-07,-7.648412537622358e-08,-7.605269871880717e-08,-3.522751093065733e-09,0.003632648283377282
13.89466309363156,-1.3632491944607349e-07,-5.79437013394394e-08,-7.838121810663408e-08,-9.857120243611002e-09,0.003632560269452023
13.975477978926245,-1.6186718206395387e-07,-8.355116875050935e-08,-7.831601331344452e-08,-1.6186219876273994e-08,0.0036324718172594805
14.05629286422093,-1.3873250709981395e-07,-5.967452636449766e-08,-7.905798073531629e-08,-2.2575281521027944e-08,0.0036323820107378724
14.137107749515614,-1.6870803870129985e-07,-8.798021375245293e-08,-8.072782494884692e-08,-2.9099291434358364e-08,0.0036322897801067677
14.2179226348103,-1.39376072704195e-07,-5.962577732902201e-08,-7.975029537517298e-08,-3.5544302407320166e-08,0.003632198145439386
14.298737520104982,-1.7277202193838794e-07,-8.978693310232042e-08,-8.298508883606752e-08,-4.225073284277615e-08,0.0036321022519509027
14.379552405399668,-1.381640916035409e-07,-5.793764469372309e-08,-8.02264469098178e-08,-4.873422394739316e-08,0.003632009022250804
14.460367290694352,-1.7384521068715728e-07,-8.906781987703928e-08,-8.4777390810118e-08,-5.5585499061295474e-08,0.003631909950296247
14.541182175989036,-1.3502256942113181e-07,-5.479137297285642e-08,-8.02311964482754e-08,-6.206937399931814e-08,0.0036318156670895607
14.621997061283722,-1.717749635439792e-07,-8.595175208904296e-08,-8.582321145493625e-08,-6.900516698867026e-08,0.003631714251944862
14.702811946578406,-1.2993274085478816e-07,-5.040294417848831e-08,-7.952979667629985e-08,-7.543235838457499e-08,0.0036316197541584327
14.78362683187309,-1.6649393582279095e-07,-8.064312166713442e-08,-8.585081415565654e-08,-8.237038208301964e-08,0.003631517185005123
14.864441717167773,-1.228979898069617e-07,-4.498824690582088e-08,-7.790974290114082e-08,-8.866664901891368e-08,0.003631423594512212
14.94525660246246,-1.5800815378516327e-07,-7.338568590990434e-08,-8.462246787525893e-08,-9.550540405360585e-08,0.003631321387563391
15.026071487757143,-1.1397072268846704e-07,-3.878178685054699e-08,-7.518893583792004e-08,-1.0158178927877673e-07,0.003631230083364606
15.106886373051823,-1.4639788122316354e-07,-6.444095639470838e-08,-8.195692482845516e-08,-1.082051287578934e-07,0.0036311300253276946
15.187701258346513,-1.0324283277180584e-07,-3.201735386663067e-08,-7.122547890517517e-08,-1.139612076656741e-07,0.0036310426037208243
15.268516143641193,-1.3182188976762204e-07,-5.412207238633502e-08,-7.769981738128702e-08,-1.2024050949476072e-07,0.0036309467280994656
15.34933102893588,-9.082629529958378e-08,-2.491799558615484e-08,-6.590829971342894e-08,-1.2556688117606916e-07,0.003630864971857356
15.430145914230563,-1.145066739049218e-07,-4.2760500426416656e-08,-7.174617347850514e-08,-1.3136503995606707e-07,0.0036307755054213464
15.51096079952525,-7.687150828912168e-08,-1.772228133845223e-08,-5.914922695066945e-08,-1.3614517794735467e-07,0.003630701360888361
15.591775684819929,-9.475605354331734e-08,-3.070680171482128e-08,-6.404925182849606e-08,-1.4132131088708494e-07,0.00363062065578465
15.67259057011462,-6.15549615545941e-08,-1.0618840483716397e-08,-5.09361210708777e-08,-1.4543770766878408e-07,0.0036305561411832665
15.753405455409299,-7.292513959148332e-08,-1.8307266411317762e-08,-5.461787318016556e-08,-1.4985164482487876e-07,0.0036304866066415864
15.834220340703988,-4.509413294427403e-08,-3.8009736253929404e-09,-4.129315931888109e-08,-1.5318874675868928e-07,0.003630433766234259
15.915035225998668,-4.940477389433037e-08,-5.9032565881982915e-09,-4.3501517306132077e-08,-1.5670431688992906e-07,0.0036303778158117694
15.995850111293356,-2.770267433829626e-08,2.5534995040699645e-09,-3.025617384236622e-08,-1.591494661084559e-07,0.0036303387035713786
16.076664996588036,-2.4654939962008894e-08,6.153081765901511e-09,-3.0808021727910406e-08,-1.6163921285055315e-07,0.003630298676747079
16.157479881882725,-9.629592330936006e-09,8.306152968628625e-09,-1.793574529956463e-08,-1.6308868804961214e-07,0.0036302752568806995
16.238294767177404,8.649884134400729e-10,1.754921815655568e-08,-1.668422974311561e-08,-1.6443702216253218e-07,0.0036302533622339372
16.319109652472093,8.871132109284023e-09,1.3340411880924794e-08,-4.469279771640771e-09,-1.647982064946272e-07,0.0036302474680272034
16.399924537766776,2.6658705806000245e-08,2.798055332158839e-08,-1.3218475155881454e-09,-1.649050314499765e-07,0.0036302457161059842
16.48073942306146,2.752558928637872e-08,1.754656435211399e-08,9.979024934264729e-09,-1.640985776945611e-07,0.0036302590070601826
16.561554308356143,5.222755165754811e-08,3.718919893178208e-08,1.503835272576603e-08,-1.6288325494400733e-07,0.003630279134693909
16.642369193650833,4.6064271095122156e-08,2.086815142405163e-08,2.5196119671070526e-08,-1.6084703342291863e-07,0.0036303130222442304
16.72318407894551,7.706950136576128e-08,4.492415745404774e-08,3.214534391171354e-08,-1.5824921114193533e-07,0.003630356466104434
16.8039989642402,6.42288481001912e-08,2.3247407925960603e-08,4.09814401742306e-08,-1.549373007550439e-07,0.0036304121194431493
16.88481384953488,1.0071883663071132e-07,5.1008229816147194e-08,4.971060681456413e-08,-1.5091994376739577e-07,0.0036304799517680453
16.96562873482957,8.17427706542531e-08,2.4666750570135678e-08,5.707602008411742e-08,-1.4630735175122073e-07,0.0036305582072916898
17.04644362012425,1.2271672162073218e-07,5.527634427607799e-08,6.744037734465419e-08,-1.4085716539188227e-07,0.0036306511135861808
17.12725850541894,9.834532266137425e-08,2.5101402240854758e-08,7.324392042051949e-08,-1.34937966364565e-07,0.0036307524932380764
17.20807339071362,1.426528133415163e-07,5.7625604952732444e-08,8.502720838878386e-08,-1.280665022716982e-07,0.0036308707378964744
17.288888276008308,1.1380499879922964e-07,2.4588146368020994e-08,8.921685243120863e-08,-1.208564525761173e-07,0.003630995391640135
17.369703161302986,1.6015999123903015e-07,5.7993762006995784e-08,1.0216622923203437e-07,-1.1259990047974002e-07,0.0036311388054991733
17.450518046597683,1.2786997760567103e-07,2.3137507105407953e-08,1.0473247050026308e-07,-1.0413595788963234e-07,0.003631286505682091
17.531332931892365,1.749194777185679e-07,5.6363239256836814e-08,1.1855623846173109e-07,-9.45548490773783e-08,0.0036314544752905353
17.61214781718705,1.403500252509658e-07,2.0804586309825965e-08,1.1954543894113985e-07,-8.48937981418474e-08,0.003631624627147695
17.69296270248174,1.8667991798688046e-07,5.2777768492871885e-08,1.3390214949400858e-07,-7.407251128977741e-08,0.003631816087772355
17.773777587776422,1.5104148077480743e-07,1.7633046334714798e-08,1.3340843444009263e-07,-6.329112396315791e-08,0.0036320077137527995
17.8545924730711,1.9525396540551508e-07,4.7301900616072186e-08,1.4795206478944288e-07,-5.133439481808738e-08,0.003632221196278984
17.93540735836579,1.597907878038647e-07,1.3688167981185332e-08,1.4610261982267936e-07,-3.952712835586467e-08,0.003632432964412763
18.01622224366048,2.0051130851535726e-07,4.0051223613357654e-08,1.604600849019996e-07,-2.655956500013426e-08,0.003632666590916128
18.097037128955158,1.6645507474698567e-07,9.041739804389392e-09,1.574133349425963e-07,-1.3838224392894613e-08,0.0036328968094894165
18.17785201424984,2.0241778139936884e-07,3.118454231659904e-08,1.712332390827698e-07,-2.981778330906267e-14,0.003633148358142546
