mode,Rxx,Rxy,Rxz,Ryx,Ryy,Ryz,Rzx,Rzy,Rzz
5,1.7723689405002574e-05,2.2617417827497377e-06,8.881098312936004e-05,2.2617417827497377e-06,-5.60751756140121e-06,4.4334482714755876e-05,8.881098312936004e-05,4.4334482714755876e-05,0.0
6,-6.687235054592122e-05,-3.792561590332255e-05,-0.10701094055704696,-3.792561590332255e-05,-5.035195675962001e-05,-0.05639362107355103,-0.10701094055704696,-0.05639362107355103,0.0
7,0.09913130540062376,0.03384868850717093,8.830586100023133e-05,0.03384868850717093,0.00179283431092081,-2.742242935159216e-05,8.830586100023133e-05,-2.742242935159216e-05,-0.8237267117577179
8,-2.303794799374259e-06,2.9290279091043203e-06,-1.5028176085507211e-05,2.9290279091043203e-06,-3.0972400866247085e-06,4.431777534087869e-05,-1.5028176085507211e-05,4.431777534087869e-05,0.0
9,4.519478480347061e-06,2.1671781036403104e-07,-0.08782748826485587,2.1671781036403104e-07,4.643635105328059e-05,-0.011066485439195337,-0.08782748826485587,-0.011066485439195337,0.0015004129542313127
10,0.026148141068649267,0.0431307341286602,0.00013155898490699357,0.0431307341286602,0.011041284000046225,-5.7298175678874455e-05,0.00013155898490699357,-5.7298175678874455e-05,0.7292006956544714
11,-6.7507373913144875e-06,2.0088227514758472e-05,2.0214620944279064e-05,2.0088227514758472e-05,2.155162870387528e-06,-3.352857250350144e-09,2.0214620944279064e-05,-3.352857250350144e-09,0.0
12,-0.1644368792511841,0.02833081199544174,-7.05256777623783e-05,0.02833081199544174,0.0029975921749025858,-7.123161702181867e-05,-7.05256777623783e-05,-7.123161702181867e-05,0.07952188656293219
13,-5.140261505331978e-06,1.81279771471754e-05,2.6575197172731076e-05,1.81279771471754e-05,6.045848244262686e-06,9.118213148914456e-05,2.6575197172731076e-05,9.118213148914456e-05,0.0
14,-0.01339192947109602,0.01919658994484763,2.2626276783067928e-05,0.01919658994484763,0.08222404002307115,-5.8371592420046044e-05,2.2626276783067928e-05,-5.8371592420046044e-05,-0.14403964358621651
15,-2.7812860015075103e-06,-8.699862497074662e-08,-7.218704125662094e-05,-8.699862497074662e-08,-8.539215512470832e-06,-3.657274137253395e-05,-7.218704125662094e-05,-3.657274137253395e-05,0.0
16,-2.8791427642005374e-05,-1.8040533511509693e-06,0.0776083454109747,-1.8040533511509693e-06,-4.890613247710007e-07,-0.022619677956534544,0.0776083454109747,-0.022619677956534544,0.0
17,0.1564554913474403,0.041069121901277095,6.975924311086803e-05,0.041069121901277095,0.05353333273423466,-1.1532983818859782e-05,6.975924311086803e-05,-1.1532983818859782e-05,1.812498848457559
18,-3.7705337962989915e-06,-1.34905721149714e-05,0.46106268606090706,-1.34905721149714e-05,5.138748515598479e-05,0.24376103860339965,0.46106268606090706,0.24376103860339965,0.0
19,-1.0350833967720519e-06,2.1467077893078113e-06,-4.554420198558124e-06,2.1467077893078113e-06,-4.122978358722662e-06,2.528726082247819e-05,-4.554420198558124e-06,2.528726082247819e-05,0.0
20,2.489807249261844e-06,1.603422503659857e-05,-1.1722546281337414e-06,1.603422503659857e-05,4.85812789996487e-06,1.408723310106886e-05,-1.1722546281337414e-06,1.408723310106886e-05,0.0
21,-6.739167224267817e-06,-1.1116243869846443e-06,1.9399693276287095e-05,-1.1116243869846443e-06,2.2628542817315633e-06,1.214393939191672e-05,1.9399693276287095e-05,1.214393939191672e-05,0.0
22,-7.296581445714878e-05,7.139004909451074e-06,0.6050344576446638,7.139004909451074e-06,-4.0936969858407224e-05,0.22731571625868463,0.6050344576446638,0.22731571625868463,0.0
23,-0.0008562787483956669,-0.026466210270609247,8.621947568323488e-05,-0.026466210270609247,-0.114997664924954,-1.0835001743027405e-05,8.621947568323488e-05,-1.0835001743027405e-05,-1.4298935451825459
24,2.7375419309194626e-05,6.751627390499948e-06,1.3733048029113917e-05,6.751627390499948e-06,1.3363967976687263e-05,-8.963080278265515e-06,1.3733048029113917e-05,-8.963080278265515e-06,0.0
25,4.998749725260154e-06,-1.971820523527512e-06,5.064299921938734e-05,-1.971820523527512e-06,1.3270071930193694e-06,1.1101766842742681e-05,5.064299921938734e-05,1.1101766842742681e-05,0.0
26,-0.08569257556372278,-0.0386453372860418,-1.1800472032454548e-06,-0.0386453372860418,0.10672025918971872,-1.5558299821011435e-05,-1.1800472032454548e-06,-1.5558299821011435e-05,-0.7216986308839812
27,0.23031256644610032,0.042520788541206,8.515865913344313e-05,0.042520788541206,0.09257325818519124,3.914371144031315e-05,8.515865913344313e-05,3.914371144031315e-05,2.7277507504107272
28,-1.4499177636295713e-05,-1.2595665532799671e-05,-5.7221981590142494e-05,-1.2595665532799671e-05,2.379312298295133e-05,1.5262438521984937e-05,-5.7221981590142494e-05,1.5262438521984937e-05,0.0
29,0.42108352886263134,0.15874789045960402,4.9855831153774294e-06,0.15874789045960402,0.10266276342070224,5.0628781949649884e-05,4.9855831153774294e-06,5.0628781949649884e-05,1.6309488810215567
30,2.4991968494703087e-05,-6.786337841679924e-06,9.53695614791617e-05,-6.786337841679924e-06,-1.5646402617974786e-06,3.995217567622355e-06,9.53695614791617e-05,3.995217567622355e-06,0.0
