frequency_cm-1,normalized_intensity
1.024327784891165116e+01,1.204819277108433798e-02
1.229193341869398282e+01,1.204819277108433798e-02
1.434058898847631269e+01,1.204819277108433798e-02
1.638924455825864257e+01,1.204819277108433798e-02
1.843790012804097245e+01,1.204819277108433798e-02
2.048655569782330232e+01,1.204819277108433798e-02
2.253521126760563220e+01,1.204819277108433798e-02
2.458386683738796563e+01,1.204819277108433798e-02
2.663252240717029551e+01,1.204819277108433798e-02
2.868117797695262539e+01,1.204819277108433798e-02
3.072983354673495526e+01,2.409638554216867595e-02
3.277848911651728514e+01,2.409638554216867595e-02
3.482714468629961857e+01,3.614457831325301046e-02
3.687580025608194489e+01,4.819277108433735191e-02
3.892445582586427832e+01,8.433734939759035543e-02
4.097311139564660465e+01,1.325301204819277212e-01
4.302176696542893808e+01,1.927710843373494076e-01
4.507042253521126440e+01,2.048192771084337283e-01
4.711907810499359783e+01,2.168674698795180766e-01
4.916773367477593126e+01,1.927710843373494076e-01
5.121638924455825759e+01,1.445783132530120418e-01
5.326504481434059102e+01,9.638554216867470381e-02
5.531370038412291734e+01,6.024096385542168641e-02
5.736235595390525077e+01,3.614457831325301046e-02
5.941101152368757710e+01,2.409638554216867595e-02
6.145966709346991053e+01,2.409638554216867595e-02
6.350832266325224396e+01,1.204819277108433798e-02
6.555697823303457028e+01,1.204819277108433798e-02
6.760563380281689660e+01,1.204819277108433798e-02
6.965428937259923714e+01,1.204819277108433798e-02
7.170294494238156346e+01,1.204819277108433798e-02
7.375160051216388979e+01,1.204819277108433798e-02
7.580025608194621611e+01,1.204819277108433798e-02
7.784891165172855665e+01,1.204819277108433798e-02
7.989756722151088297e+01,1.204819277108433798e-02
8.194622279129320930e+01,1.204819277108433798e-02
8.399487836107554983e+01,1.204819277108433798e-02
8.604353393085787616e+01,1.204819277108433798e-02
8.809218950064020248e+01,1.204819277108433798e-02
9.014084507042252881e+01,1.204819277108433798e-02
9.218950064020486934e+01,1.204819277108433798e-02
9.423815620998719567e+01,1.204819277108433798e-02
9.628681177976952199e+01,1.204819277108433798e-02
9.833546734955186253e+01,1.204819277108433798e-02
1.003841229193341889e+02,1.204819277108433798e-02
1.024327784891165152e+02,1.204819277108433798e-02
1.044814340588988415e+02,1.204819277108433798e-02
1.065300896286811820e+02,1.204819277108433798e-02
1.085787451984635084e+02,1.204819277108433798e-02
1.106274007682458347e+02,1.204819277108433798e-02
1.126760563380281752e+02,1.204819277108433798e-02
1.147247119078105015e+02,1.204819277108433798e-02
1.167733674775928279e+02,1.204819277108433798e-02
1.188220230473751542e+02,1.204819277108433798e-02
1.208706786171574947e+02,1.204819277108433798e-02
1.229193341869398211e+02,1.204819277108433798e-02
1.249679897567221474e+02,1.204819277108433798e-02
1.270166453265044879e+02,1.204819277108433798e-02
1.290653008962868000e+02,1.204819277108433798e-02
1.311139564660691406e+02,1.204819277108433798e-02
1.331626120358514811e+02,1.204819277108433798e-02
1.352112676056337932e+02,1.204819277108433798e-02
1.372599231754161337e+02,1.204819277108433798e-02
1.393085787451984743e+02,1.204819277108433798e-02
1.413572343149807864e+02,1.204819277108433798e-02
1.434058898847631269e+02,1.204819277108433798e-02
1.454545454545454675e+02,1.204819277108433798e-02
1.475032010243277796e+02,1.204819277108433798e-02
1.495518565941101201e+02,1.204819277108433798e-02
1.516005121638924322e+02,1.204819277108433798e-02
1.536491677336747728e+02,1.204819277108433798e-02
1.556978233034571133e+02,1.204819277108433798e-02
1.577464788732394254e+02,1.204819277108433798e-02
1.597951344430217659e+02,1.204819277108433798e-02
1.618437900128041065e+02,1.204819277108433798e-02
1.638924455825864186e+02,1.204819277108433798e-02
1.659411011523687591e+02,1.204819277108433798e-02
1.679897567221510997e+02,1.204819277108433798e-02
1.700384122919334118e+02,1.204819277108433798e-02
1.720870678617157523e+02,1.204819277108433798e-02
1.741357234314980929e+02,1.204819277108433798e-02
1.761843790012804050e+02,1.204819277108433798e-02
1.782330345710627455e+02,1.204819277108433798e-02
1.802816901408450576e+02,1.204819277108433798e-02
1.823303457106273981e+02,1.204819277108433798e-02
1.843790012804097387e+02,1.204819277108433798e-02
1.864276568501920508e+02,1.204819277108433798e-02
1.884763124199743913e+02,1.204819277108433798e-02
1.905249679897567319e+02,1.204819277108433798e-02
1.925736235595390440e+02,1.204819277108433798e-02
1.946222791293213845e+02,1.204819277108433798e-02
1.966709346991037251e+02,1.204819277108433798e-02
1.987195902688860372e+02,1.204819277108433798e-02
2.007682458386683777e+02,1.204819277108433798e-02
2.028169014084507182e+02,1.204819277108433798e-02
2.048655569782330303e+02,1.204819277108433798e-02
2.069142125480153709e+02,1.204819277108433798e-02
2.089628681177976830e+02,1.204819277108433798e-02
2.110115236875800235e+02,1.204819277108433798e-02
2.130601792573623641e+02,1.204819277108433798e-02
2.151088348271446762e+02,1.204819277108433798e-02
2.171574903969270167e+02,1.204819277108433798e-02
2.192061459667093573e+02,1.204819277108433798e-02
2.212548015364916694e+02,1.204819277108433798e-02
2.233034571062740099e+02,1.204819277108433798e-02
2.253521126760563504e+02,1.204819277108433798e-02
2.274007682458386626e+02,1.204819277108433798e-02
2.294494238156210031e+02,1.204819277108433798e-02
2.314980793854033152e+02,1.204819277108433798e-02
2.335467349551856557e+02,1.204819277108433798e-02
2.355953905249679963e+02,1.204819277108433798e-02
2.376440460947503084e+02,1.204819277108433798e-02
2.396927016645326489e+02,1.204819277108433798e-02
2.417413572343149895e+02,1.204819277108433798e-02
2.437900128040973016e+02,1.204819277108433798e-02
2.458386683738796421e+02,1.204819277108433798e-02
2.478873239436619826e+02,1.204819277108433798e-02
2.499359795134442948e+02,1.204819277108433798e-02
2.519846350832266353e+02,1.204819277108433798e-02
2.540332906530089758e+02,1.204819277108433798e-02
2.560819462227913164e+02,1.204819277108433798e-02
2.581306017925736001e+02,1.204819277108433798e-02
2.601792573623559406e+02,1.204819277108433798e-02
2.622279129321382811e+02,1.204819277108433798e-02
2.642765685019206217e+02,1.204819277108433798e-02
2.663252240717029622e+02,1.204819277108433798e-02
2.683738796414853027e+02,1.204819277108433798e-02
2.704225352112675864e+02,2.409638554216867595e-02
2.724711907810499270e+02,2.409638554216867595e-02
2.745198463508322675e+02,3.614457831325301046e-02
2.765685019206146080e+02,7.228915662650602092e-02
2.786171574903969486e+02,1.084337349397590383e-01
2.806658130601792323e+02,1.566265060240963902e-01
2.827144686299615728e+02,1.686746987951807109e-01
2.847631241997439133e+02,1.686746987951807109e-01
2.868117797695262539e+02,1.445783132530120418e-01
2.888604353393085944e+02,nan
2.909090909090909349e+02,nan
2.929577464788732186e+02,nan
2.950064020486555592e+02,nan
2.970550576184378997e+02,nan
2.991037131882202402e+02,nan
3.011523687580025808e+02,nan
3.032010243277848645e+02,nan
3.052496798975672050e+02,nan
3.072983354673495455e+02,nan
3.093469910371318861e+02,nan
3.113956466069142266e+02,nan
3.134443021766965671e+02,nan
3.154929577464788508e+02,1.204819277108433798e-02
3.175416133162611914e+02,1.204819277108433798e-02
3.195902688860435319e+02,1.204819277108433798e-02
3.216389244558258724e+02,1.204819277108433798e-02
3.236875800256082130e+02,1.204819277108433798e-02
3.257362355953904967e+02,1.204819277108433798e-02
3.277848911651728372e+02,1.204819277108433798e-02
3.298335467349551777e+02,1.204819277108433798e-02
3.318822023047375183e+02,1.204819277108433798e-02
3.339308578745198588e+02,1.204819277108433798e-02
3.359795134443021993e+02,1.204819277108433798e-02
3.380281690140844830e+02,1.204819277108433798e-02
3.400768245838668236e+02,1.204819277108433798e-02
3.421254801536491641e+02,1.204819277108433798e-02
3.441741357234315046e+02,1.204819277108433798e-02
3.462227912932138452e+02,1.204819277108433798e-02
3.482714468629961857e+02,1.204819277108433798e-02
3.503201024327784694e+02,1.204819277108433798e-02
3.523687580025608099e+02,1.204819277108433798e-02
3.544174135723431505e+02,1.204819277108433798e-02
3.564660691421254910e+02,1.204819277108433798e-02
3.585147247119078315e+02,1.204819277108433798e-02
3.605633802816901152e+02,1.204819277108433798e-02
3.626120358514724558e+02,1.204819277108433798e-02
3.646606914212547963e+02,1.204819277108433798e-02
3.667093469910371368e+02,1.204819277108433798e-02
3.687580025608194774e+02,1.204819277108433798e-02
3.708066581306018179e+02,1.204819277108433798e-02
3.728553137003841016e+02,1.204819277108433798e-02
3.749039692701664421e+02,1.204819277108433798e-02
3.769526248399487827e+02,1.204819277108433798e-02
3.790012804097311232e+02,1.204819277108433798e-02
3.810499359795134637e+02,1.204819277108433798e-02
3.830985915492957474e+02,1.204819277108433798e-02
3.851472471190780880e+02,1.204819277108433798e-02
3.871959026888604285e+02,1.204819277108433798e-02
3.892445582586427690e+02,1.204819277108433798e-02
3.912932138284251096e+02,1.204819277108433798e-02
3.933418693982074501e+02,1.204819277108433798e-02
3.953905249679897338e+02,1.204819277108433798e-02
3.974391805377720743e+02,1.204819277108433798e-02
3.994878361075544149e+02,1.204819277108433798e-02
4.015364916773367554e+02,1.204819277108433798e-02
4.035851472471190959e+02,1.204819277108433798e-02
4.056338028169014365e+02,1.204819277108433798e-02
4.076824583866837202e+02,1.204819277108433798e-02
4.097311139564660607e+02,1.204819277108433798e-02
4.117797695262484012e+02,1.204819277108433798e-02
4.138284250960307418e+02,1.204819277108433798e-02
4.158770806658130823e+02,1.204819277108433798e-02
4.179257362355953660e+02,1.204819277108433798e-02
4.199743918053777065e+02,1.204819277108433798e-02
4.220230473751600471e+02,1.204819277108433798e-02
4.240717029449423876e+02,1.204819277108433798e-02
4.261203585147247281e+02,1.204819277108433798e-02
4.281690140845070687e+02,1.204819277108433798e-02
4.302176696542893524e+02,1.204819277108433798e-02
4.322663252240716929e+02,1.204819277108433798e-02
4.343149807938540334e+02,1.204819277108433798e-02
4.363636363636363740e+02,1.204819277108433798e-02
4.384122919334187145e+02,1.204819277108433798e-02
4.404609475032009982e+02,1.204819277108433798e-02
4.425096030729833387e+02,1.204819277108433798e-02
4.445582586427656793e+02,1.204819277108433798e-02
4.466069142125480198e+02,1.204819277108433798e-02
4.486555697823303603e+02,1.204819277108433798e-02
4.507042253521127009e+02,1.204819277108433798e-02
4.527528809218949846e+02,1.204819277108433798e-02
4.548015364916773251e+02,1.204819277108433798e-02
4.568501920614596656e+02,1.204819277108433798e-02
4.588988476312420062e+02,1.204819277108433798e-02
4.609475032010243467e+02,1.204819277108433798e-02
4.629961587708066304e+02,1.204819277108433798e-02
4.650448143405889709e+02,1.204819277108433798e-02
4.670934699103713115e+02,1.204819277108433798e-02
4.691421254801536520e+02,1.204819277108433798e-02
4.711907810499359925e+02,1.204819277108433798e-02
4.732394366197183331e+02,1.204819277108433798e-02
4.752880921895006168e+02,1.204819277108433798e-02
4.773367477592829573e+02,1.204819277108433798e-02
4.793854033290652978e+02,1.204819277108433798e-02
4.814340588988476384e+02,1.204819277108433798e-02
4.834827144686299789e+02,1.204819277108433798e-02
4.855313700384123194e+02,1.204819277108433798e-02
4.875800256081946031e+02,1.204819277108433798e-02
4.896286811779769437e+02,1.204819277108433798e-02
4.916773367477592842e+02,1.204819277108433798e-02
4.937259923175416247e+02,1.204819277108433798e-02
4.957746478873239653e+02,1.204819277108433798e-02
4.978233034571062490e+02,1.204819277108433798e-02
4.998719590268885895e+02,1.204819277108433798e-02
5.019206145966709300e+02,1.204819277108433798e-02
5.039692701664532706e+02,1.204819277108433798e-02
5.060179257362356111e+02,1.204819277108433798e-02
5.080665813060179516e+02,1.204819277108433798e-02
5.101152368758002353e+02,1.204819277108433798e-02
5.121638924455826327e+02,1.204819277108433798e-02
5.142125480153649733e+02,1.204819277108433798e-02
5.162612035851472001e+02,1.204819277108433798e-02
5.183098591549295406e+02,1.204819277108433798e-02
5.203585147247118812e+02,1.204819277108433798e-02
5.224071702944942217e+02,1.204819277108433798e-02
5.244558258642765622e+02,1.204819277108433798e-02
5.265044814340589028e+02,1.204819277108433798e-02
5.285531370038412433e+02,1.204819277108433798e-02
5.306017925736235838e+02,1.204819277108433798e-02
5.326504481434059244e+02,1.204819277108433798e-02
5.346991037131882649e+02,1.204819277108433798e-02
5.367477592829706055e+02,1.204819277108433798e-02
5.387964148527528323e+02,1.204819277108433798e-02
5.408450704225351728e+02,1.204819277108433798e-02
5.428937259923175134e+02,1.204819277108433798e-02
5.449423815620998539e+02,1.204819277108433798e-02
5.469910371318821944e+02,1.204819277108433798e-02
5.490396927016645350e+02,1.204819277108433798e-02
5.510883482714468755e+02,1.204819277108433798e-02
5.531370038412292161e+02,1.204819277108433798e-02
5.551856594110115566e+02,1.204819277108433798e-02
5.572343149807938971e+02,1.204819277108433798e-02
5.592829705505762377e+02,1.204819277108433798e-02
5.613316261203584645e+02,1.204819277108433798e-02
5.633802816901408050e+02,1.204819277108433798e-02
5.654289372599231456e+02,1.204819277108433798e-02
5.674775928297054861e+02,1.204819277108433798e-02
5.695262483994878266e+02,1.204819277108433798e-02
5.715749039692701672e+02,1.204819277108433798e-02
5.736235595390525077e+02,1.204819277108433798e-02
5.756722151088348483e+02,1.204819277108433798e-02
5.777208706786171888e+02,2.409638554216867595e-02
5.797695262483995293e+02,2.409638554216867595e-02
5.818181818181818699e+02,1.204819277108433798e-02
5.838668373879640967e+02,1.204819277108433798e-02
5.859154929577464372e+02,1.204819277108433798e-02
5.879641485275287778e+02,1.204819277108433798e-02
5.900128040973111183e+02,1.204819277108433798e-02
5.920614596670934588e+02,1.204819277108433798e-02
5.941101152368757994e+02,1.204819277108433798e-02
5.961587708066581399e+02,1.204819277108433798e-02
5.982074263764404805e+02,1.204819277108433798e-02
6.002560819462228210e+02,1.204819277108433798e-02
6.023047375160051615e+02,1.204819277108433798e-02
6.043533930857875021e+02,1.204819277108433798e-02
6.064020486555697289e+02,1.204819277108433798e-02
6.084507042253520694e+02,1.204819277108433798e-02
6.104993597951344100e+02,1.204819277108433798e-02
6.125480153649167505e+02,1.204819277108433798e-02
6.145966709346990910e+02,1.204819277108433798e-02
6.166453265044814316e+02,1.204819277108433798e-02
6.186939820742637721e+02,1.204819277108433798e-02
6.207426376440461127e+02,1.204819277108433798e-02
6.227912932138284532e+02,1.204819277108433798e-02
6.248399487836107937e+02,1.204819277108433798e-02
6.268886043533931343e+02,1.204819277108433798e-02
6.289372599231753611e+02,1.204819277108433798e-02
6.309859154929577016e+02,1.204819277108433798e-02
6.330345710627400422e+02,1.204819277108433798e-02
6.350832266325223827e+02,1.204819277108433798e-02
6.371318822023047233e+02,1.204819277108433798e-02
6.391805377720870638e+02,1.204819277108433798e-02
6.412291933418694043e+02,1.204819277108433798e-02
6.432778489116517449e+02,1.204819277108433798e-02
6.453265044814340854e+02,1.204819277108433798e-02
6.473751600512164259e+02,1.204819277108433798e-02
6.494238156209987665e+02,1.204819277108433798e-02
6.514724711907809933e+02,1.204819277108433798e-02
6.535211267605633338e+02,1.204819277108433798e-02
6.555697823303456744e+02,1.204819277108433798e-02
6.576184379001280149e+02,1.204819277108433798e-02
6.596670934699103555e+02,1.204819277108433798e-02
6.617157490396926960e+02,1.204819277108433798e-02
6.637644046094750365e+02,1.204819277108433798e-02
6.658130601792573771e+02,1.204819277108433798e-02
6.678617157490397176e+02,1.204819277108433798e-02
6.699103713188220581e+02,1.204819277108433798e-02
6.719590268886043987e+02,1.204819277108433798e-02
6.740076824583867392e+02,1.204819277108433798e-02
6.760563380281689660e+02,1.204819277108433798e-02
6.781049935979513066e+02,1.204819277108433798e-02
6.801536491677336471e+02,1.204819277108433798e-02
6.822023047375159877e+02,1.204819277108433798e-02
6.842509603072983282e+02,1.204819277108433798e-02
6.862996158770806687e+02,1.204819277108433798e-02
6.883482714468630093e+02,1.204819277108433798e-02
6.903969270166453498e+02,1.204819277108433798e-02
6.924455825864276903e+02,1.204819277108433798e-02
6.944942381562100309e+02,1.204819277108433798e-02
6.965428937259923714e+02,1.204819277108433798e-02
6.985915492957745982e+02,1.204819277108433798e-02
7.006402048655569388e+02,1.204819277108433798e-02
7.026888604353392793e+02,1.204819277108433798e-02
7.047375160051216199e+02,1.204819277108433798e-02
7.067861715749039604e+02,1.204819277108433798e-02
7.088348271446863009e+02,1.204819277108433798e-02
7.108834827144686415e+02,1.204819277108433798e-02
7.129321382842509820e+02,1.204819277108433798e-02
7.149807938540333225e+02,1.204819277108433798e-02
7.170294494238156631e+02,1.204819277108433798e-02
7.190781049935980036e+02,1.204819277108433798e-02
7.211267605633802305e+02,1.204819277108433798e-02
7.231754161331625710e+02,1.204819277108433798e-02
7.252240717029449115e+02,1.204819277108433798e-02
7.272727272727272521e+02,1.204819277108433798e-02
7.293213828425095926e+02,1.204819277108433798e-02
7.313700384122919331e+02,1.204819277108433798e-02
7.334186939820742737e+02,1.204819277108433798e-02
7.354673495518566142e+02,1.204819277108433798e-02
7.375160051216389547e+02,1.204819277108433798e-02
7.395646606914212953e+02,1.204819277108433798e-02
7.416133162612036358e+02,1.204819277108433798e-02
7.436619718309858627e+02,1.204819277108433798e-02
7.457106274007682032e+02,1.204819277108433798e-02
7.477592829705505437e+02,1.204819277108433798e-02
7.498079385403328843e+02,1.204819277108433798e-02
7.518565941101152248e+02,1.204819277108433798e-02
7.539052496798975653e+02,1.204819277108433798e-02
7.559539052496799059e+02,1.204819277108433798e-02
7.580025608194622464e+02,1.204819277108433798e-02
7.600512163892445869e+02,1.204819277108433798e-02
7.620998719590269275e+02,1.204819277108433798e-02
7.641485275288092680e+02,1.204819277108433798e-02
7.661971830985914949e+02,1.204819277108433798e-02
7.682458386683738354e+02,1.204819277108433798e-02
7.702944942381561759e+02,1.204819277108433798e-02
7.723431498079385165e+02,1.204819277108433798e-02
7.743918053777208570e+02,1.204819277108433798e-02
7.764404609475031975e+02,1.204819277108433798e-02
7.784891165172855381e+02,1.204819277108433798e-02
7.805377720870678786e+02,1.204819277108433798e-02
7.825864276568502191e+02,1.204819277108433798e-02
7.846350832266325597e+02,1.204819277108433798e-02
7.866837387964149002e+02,1.204819277108433798e-02
7.887323943661971271e+02,nan
7.907810499359794676e+02,nan
7.928297055057618081e+02,nan
7.948783610755441487e+02,nan
7.969270166453264892e+02,2.409638554216867595e-02
7.989756722151088297e+02,2.409638554216867595e-02
8.010243277848911703e+02,3.614457831325301046e-02
8.030729833546735108e+02,6.024096385542168641e-02
8.051216389244558513e+02,1.204819277108433728e-01
8.071702944942381919e+02,1.445783132530120418e-01
8.092189500640205324e+02,1.445783132530120418e-01
8.112676056338028729e+02,1.566265060240963902e-01
8.133162612035850998e+02,1.204819277108433728e-01
8.153649167733674403e+02,8.433734939759035543e-02
8.174135723431497809e+02,4.819277108433735191e-02
8.194622279129321214e+02,3.614457831325301046e-02
8.215108834827144619e+02,2.409638554216867595e-02
8.235595390524968025e+02,2.409638554216867595e-02
8.256081946222791430e+02,1.204819277108433798e-02
8.276568501920614835e+02,1.204819277108433798e-02
8.297055057618438241e+02,1.204819277108433798e-02
8.317541613316261646e+02,1.204819277108433798e-02
8.338028169014085051e+02,1.204819277108433798e-02
8.358514724711907320e+02,1.204819277108433798e-02
8.379001280409730725e+02,1.204819277108433798e-02
8.399487836107554131e+02,1.204819277108433798e-02
8.419974391805377536e+02,1.204819277108433798e-02
8.440460947503200941e+02,1.204819277108433798e-02
8.460947503201024347e+02,1.204819277108433798e-02
8.481434058898847752e+02,1.204819277108433798e-02
8.501920614596671157e+02,1.204819277108433798e-02
8.522407170294494563e+02,1.204819277108433798e-02
8.542893725992317968e+02,1.204819277108433798e-02
8.563380281690141373e+02,1.204819277108433798e-02
8.583866837387963642e+02,1.204819277108433798e-02
8.604353393085787047e+02,1.204819277108433798e-02
8.624839948783610453e+02,1.204819277108433798e-02
8.645326504481433858e+02,1.204819277108433798e-02
8.665813060179257263e+02,1.204819277108433798e-02
8.686299615877080669e+02,1.204819277108433798e-02
8.706786171574904074e+02,1.204819277108433798e-02
8.727272727272727479e+02,1.204819277108433798e-02
8.747759282970550885e+02,1.204819277108433798e-02
8.768245838668374290e+02,1.204819277108433798e-02
8.788732394366197695e+02,1.204819277108433798e-02
8.809218950064019964e+02,1.204819277108433798e-02
8.829705505761843369e+02,1.204819277108433798e-02
8.850192061459666775e+02,1.204819277108433798e-02
8.870678617157490180e+02,1.204819277108433798e-02
8.891165172855313585e+02,1.204819277108433798e-02
8.911651728553136991e+02,1.204819277108433798e-02
8.932138284250960396e+02,1.204819277108433798e-02
8.952624839948783801e+02,1.204819277108433798e-02
8.973111395646607207e+02,1.204819277108433798e-02
8.993597951344430612e+02,1.204819277108433798e-02
9.014084507042254018e+02,1.204819277108433798e-02
9.034571062740076286e+02,1.204819277108433798e-02
9.055057618437899691e+02,1.204819277108433798e-02
9.075544174135723097e+02,1.204819277108433798e-02
9.096030729833546502e+02,1.204819277108433798e-02
9.116517285531369907e+02,1.204819277108433798e-02
9.137003841229193313e+02,1.204819277108433798e-02
9.157490396927016718e+02,1.204819277108433798e-02
9.177976952624840123e+02,1.204819277108433798e-02
9.198463508322663529e+02,1.204819277108433798e-02
9.218950064020486934e+02,1.204819277108433798e-02
9.239436619718310340e+02,1.204819277108433798e-02
9.259923175416132608e+02,1.204819277108433798e-02
9.280409731113956013e+02,1.204819277108433798e-02
9.300896286811779419e+02,1.204819277108433798e-02
9.321382842509602824e+02,1.204819277108433798e-02
9.341869398207426229e+02,1.204819277108433798e-02
9.362355953905249635e+02,1.204819277108433798e-02
9.382842509603073040e+02,1.204819277108433798e-02
9.403329065300896445e+02,1.204819277108433798e-02
9.423815620998719851e+02,1.204819277108433798e-02
9.444302176696543256e+02,1.204819277108433798e-02
9.464788732394366662e+02,1.204819277108433798e-02
9.485275288092190067e+02,1.204819277108433798e-02
9.505761843790012335e+02,1.204819277108433798e-02
9.526248399487835741e+02,1.204819277108433798e-02
9.546734955185659146e+02,1.204819277108433798e-02
9.567221510883482551e+02,1.204819277108433798e-02
9.587708066581305957e+02,1.204819277108433798e-02
9.608194622279129362e+02,1.204819277108433798e-02
9.628681177976952767e+02,1.204819277108433798e-02
9.649167733674776173e+02,1.204819277108433798e-02
9.669654289372599578e+02,1.204819277108433798e-02
9.690140845070422984e+02,1.204819277108433798e-02
9.710627400768246389e+02,1.204819277108433798e-02
9.731113956466068657e+02,1.204819277108433798e-02
9.751600512163892063e+02,1.204819277108433798e-02
9.772087067861715468e+02,1.204819277108433798e-02
9.792573623559538873e+02,1.204819277108433798e-02
9.813060179257362279e+02,1.204819277108433798e-02
9.833546734955185684e+02,1.204819277108433798e-02
9.854033290653009090e+02,1.204819277108433798e-02
9.874519846350832495e+02,1.204819277108433798e-02
9.895006402048655900e+02,1.204819277108433798e-02
9.915492957746479306e+02,1.204819277108433798e-02
9.935979513444302711e+02,1.204819277108433798e-02
9.956466069142124979e+02,1.204819277108433798e-02
9.976952624839948385e+02,1.204819277108433798e-02
9.997439180537771790e+02,1.204819277108433798e-02
1.001792573623559520e+03,1.204819277108433798e-02
1.003841229193341860e+03,1.204819277108433798e-02
1.005889884763124201e+03,1.204819277108433798e-02
1.007938540332906541e+03,1.204819277108433798e-02
1.009987195902688882e+03,1.204819277108433798e-02
1.012035851472471222e+03,1.204819277108433798e-02
1.014084507042253563e+03,1.204819277108433798e-02
1.016133162612035903e+03,1.204819277108433798e-02
1.018181818181818130e+03,1.204819277108433798e-02
1.020230473751600471e+03,1.204819277108433798e-02
1.022279129321382811e+03,1.204819277108433798e-02
1.024327784891165265e+03,1.204819277108433798e-02
1.026376440460947606e+03,1.204819277108433798e-02
1.028425096030729947e+03,1.204819277108433798e-02
1.030473751600512060e+03,1.204819277108433798e-02
1.032522407170294400e+03,1.204819277108433798e-02
1.034571062740076741e+03,1.204819277108433798e-02
1.036619718309859081e+03,1.204819277108433798e-02
1.038668373879641422e+03,1.204819277108433798e-02
1.040717029449423762e+03,1.204819277108433798e-02
1.042765685019206103e+03,1.204819277108433798e-02
1.044814340588988443e+03,1.204819277108433798e-02
1.046862996158770784e+03,1.204819277108433798e-02
1.048911651728553124e+03,1.204819277108433798e-02
1.050960307298335465e+03,1.204819277108433798e-02
1.053008962868117806e+03,1.204819277108433798e-02
1.055057618437900146e+03,1.204819277108433798e-02
1.057106274007682487e+03,1.204819277108433798e-02
1.059154929577464827e+03,1.204819277108433798e-02
1.061203585147247168e+03,1.204819277108433798e-02
1.063252240717029508e+03,1.204819277108433798e-02
1.065300896286811849e+03,1.204819277108433798e-02
1.067349551856594189e+03,1.204819277108433798e-02
1.069398207426376530e+03,1.204819277108433798e-02
1.071446862996158870e+03,1.204819277108433798e-02
1.073495518565941211e+03,1.204819277108433798e-02
1.075544174135723324e+03,1.204819277108433798e-02
1.077592829705505665e+03,1.204819277108433798e-02
1.079641485275288005e+03,1.204819277108433798e-02
1.081690140845070346e+03,1.204819277108433798e-02
1.083738796414852686e+03,1.204819277108433798e-02
1.085787451984635027e+03,1.204819277108433798e-02
1.087836107554417367e+03,1.204819277108433798e-02
1.089884763124199708e+03,1.204819277108433798e-02
1.091933418693982048e+03,1.204819277108433798e-02
1.093982074263764389e+03,1.204819277108433798e-02
1.096030729833546729e+03,1.204819277108433798e-02
1.098079385403329070e+03,1.204819277108433798e-02
1.100128040973111410e+03,1.204819277108433798e-02
1.102176696542893751e+03,1.204819277108433798e-02
1.104225352112676092e+03,1.204819277108433798e-02
1.106274007682458432e+03,1.204819277108433798e-02
1.108322663252240773e+03,1.204819277108433798e-02
1.110371318822023113e+03,1.204819277108433798e-02
1.112419974391805454e+03,1.204819277108433798e-02
1.114468629961587794e+03,1.204819277108433798e-02
1.116517285531370135e+03,1.204819277108433798e-02
1.118565941101152475e+03,1.204819277108433798e-02
1.120614596670934588e+03,1.204819277108433798e-02
1.122663252240716929e+03,1.204819277108433798e-02
1.124711907810499270e+03,1.204819277108433798e-02
1.126760563380281610e+03,1.204819277108433798e-02
1.128809218950063951e+03,1.204819277108433798e-02
1.130857874519846291e+03,1.204819277108433798e-02
1.132906530089628632e+03,1.204819277108433798e-02
1.134955185659410972e+03,1.204819277108433798e-02
1.137003841229193313e+03,1.204819277108433798e-02
1.139052496798975653e+03,1.204819277108433798e-02
1.141101152368757994e+03,1.204819277108433798e-02
1.143149807938540334e+03,1.204819277108433798e-02
1.145198463508322675e+03,1.204819277108433798e-02
1.147247119078105015e+03,1.204819277108433798e-02
1.149295774647887356e+03,1.204819277108433798e-02
1.151344430217669697e+03,1.204819277108433798e-02
1.153393085787452037e+03,1.204819277108433798e-02
1.155441741357234378e+03,1.204819277108433798e-02
1.157490396927016718e+03,1.204819277108433798e-02
1.159539052496799059e+03,1.204819277108433798e-02
1.161587708066581399e+03,1.204819277108433798e-02
1.163636363636363740e+03,1.204819277108433798e-02
1.165685019206146080e+03,1.204819277108433798e-02
1.167733674775928193e+03,1.204819277108433798e-02
1.169782330345710534e+03,1.204819277108433798e-02
1.171830985915492874e+03,1.204819277108433798e-02
1.173879641485275215e+03,1.204819277108433798e-02
1.175928297055057556e+03,1.204819277108433798e-02
1.177976952624839896e+03,1.204819277108433798e-02
1.180025608194622237e+03,1.204819277108433798e-02
1.182074263764404577e+03,1.204819277108433798e-02
1.184122919334186918e+03,1.204819277108433798e-02
1.186171574903969258e+03,1.204819277108433798e-02
1.188220230473751599e+03,1.204819277108433798e-02
1.190268886043533939e+03,1.204819277108433798e-02
1.192317541613316280e+03,1.204819277108433798e-02
1.194366197183098620e+03,1.204819277108433798e-02
1.196414852752880961e+03,1.204819277108433798e-02
1.198463508322663301e+03,1.204819277108433798e-02
1.200512163892445642e+03,1.204819277108433798e-02
1.202560819462227983e+03,1.204819277108433798e-02
1.204609475032010323e+03,1.204819277108433798e-02
1.206658130601792664e+03,1.204819277108433798e-02
1.208706786171575004e+03,1.204819277108433798e-02
1.210755441741357345e+03,1.204819277108433798e-02
1.212804097311139458e+03,1.204819277108433798e-02
1.214852752880921798e+03,1.204819277108433798e-02
1.216901408450704139e+03,1.204819277108433798e-02
1.218950064020486479e+03,1.204819277108433798e-02
1.220998719590268820e+03,1.204819277108433798e-02
1.223047375160051160e+03,1.204819277108433798e-02
1.225096030729833501e+03,1.204819277108433798e-02
1.227144686299615842e+03,1.204819277108433798e-02
1.229193341869398182e+03,1.204819277108433798e-02
1.231241997439180523e+03,1.204819277108433798e-02
1.233290653008962863e+03,1.204819277108433798e-02
1.235339308578745204e+03,1.204819277108433798e-02
1.237387964148527544e+03,1.204819277108433798e-02
1.239436619718309885e+03,1.204819277108433798e-02
1.241485275288092225e+03,1.204819277108433798e-02
1.243533930857874566e+03,1.204819277108433798e-02
1.245582586427656906e+03,1.204819277108433798e-02
1.247631241997439247e+03,1.204819277108433798e-02
1.249679897567221587e+03,1.204819277108433798e-02
1.251728553137003928e+03,1.204819277108433798e-02
1.253777208706786269e+03,1.204819277108433798e-02
1.255825864276568609e+03,1.204819277108433798e-02
1.257874519846350722e+03,1.204819277108433798e-02
1.259923175416133063e+03,1.204819277108433798e-02
1.261971830985915403e+03,1.204819277108433798e-02
1.264020486555697744e+03,1.204819277108433798e-02
1.266069142125480084e+03,1.204819277108433798e-02
1.268117797695262425e+03,1.204819277108433798e-02
1.270166453265044765e+03,1.204819277108433798e-02
1.272215108834827106e+03,1.204819277108433798e-02
1.274263764404609447e+03,1.204819277108433798e-02
1.276312419974391787e+03,1.204819277108433798e-02
1.278361075544174128e+03,1.204819277108433798e-02
1.280409731113956468e+03,1.204819277108433798e-02
1.282458386683738809e+03,1.204819277108433798e-02
1.284507042253521149e+03,1.204819277108433798e-02
1.286555697823303490e+03,1.204819277108433798e-02
1.288604353393085830e+03,1.204819277108433798e-02
1.290653008962868171e+03,1.204819277108433798e-02
1.292701664532650511e+03,1.204819277108433798e-02
1.294750320102432852e+03,1.204819277108433798e-02
1.296798975672215192e+03,1.204819277108433798e-02
1.298847631241997533e+03,1.204819277108433798e-02
1.300896286811779873e+03,1.204819277108433798e-02
1.302944942381561987e+03,1.204819277108433798e-02
1.304993597951344327e+03,1.204819277108433798e-02
1.307042253521126668e+03,1.204819277108433798e-02
1.309090909090909008e+03,1.204819277108433798e-02
1.311139564660691349e+03,1.204819277108433798e-02
1.313188220230473689e+03,1.204819277108433798e-02
1.315236875800256030e+03,1.204819277108433798e-02
1.317285531370038370e+03,1.204819277108433798e-02
1.319334186939820711e+03,2.409638554216867595e-02
1.321382842509603051e+03,2.409638554216867595e-02
1.323431498079385392e+03,2.409638554216867595e-02
1.325480153649167733e+03,3.614457831325301046e-02
1.327528809218950073e+03,4.819277108433735191e-02
1.329577464788732414e+03,4.819277108433735191e-02
1.331626120358514754e+03,3.614457831325301046e-02
1.333674775928297095e+03,3.614457831325301046e-02
1.335723431498079435e+03,3.614457831325301046e-02
1.337772087067861776e+03,3.614457831325301046e-02
1.339820742637644116e+03,3.614457831325301046e-02
1.341869398207426457e+03,3.614457831325301046e-02
1.343918053777208797e+03,3.614457831325301046e-02
1.345966709346991138e+03,4.819277108433735191e-02
1.348015364916773478e+03,6.024096385542168641e-02
1.350064020486555592e+03,6.024096385542168641e-02
1.352112676056337932e+03,6.024096385542168641e-02
1.354161331626120273e+03,1.566265060240963902e-01
1.356209987195902613e+03,2.409638554216867457e-01
1.358258642765684954e+03,3.855421686746988152e-01
1.360307298335467294e+03,5.542168674698795261e-01
1.362355953905249635e+03,9.277108433734939652e-01
1.364404609475031975e+03,9.879518072289156239e-01
1.366453265044814316e+03,1.000000000000000000e+00
1.368501920614596656e+03,9.879518072289156239e-01
1.370550576184378997e+03,7.228915662650602370e-01
1.372599231754161337e+03,4.939759036144578119e-01
1.374647887323943678e+03,3.132530120481927804e-01
1.376696542893726019e+03,1.807228915662650592e-01
1.378745198463508359e+03,1.204819277108433728e-01
1.380793854033290700e+03,9.638554216867470381e-02
1.382842509603073040e+03,7.228915662650602092e-02
1.384891165172855381e+03,4.819277108433735191e-02
1.386939820742637721e+03,3.614457831325301046e-02
1.388988476312420062e+03,3.614457831325301046e-02
1.391037131882202402e+03,3.614457831325301046e-02
1.393085787451984743e+03,2.409638554216867595e-02
1.395134443021766856e+03,2.409638554216867595e-02
1.397183098591549196e+03,2.409638554216867595e-02
1.399231754161331537e+03,2.409638554216867595e-02
1.401280409731113878e+03,2.409638554216867595e-02
1.403329065300896218e+03,1.204819277108433798e-02
1.405377720870678559e+03,1.204819277108433798e-02
1.407426376440460899e+03,1.204819277108433798e-02
1.409475032010243240e+03,1.204819277108433798e-02
1.411523687580025580e+03,1.204819277108433798e-02
1.413572343149807921e+03,1.204819277108433798e-02
1.415620998719590261e+03,1.204819277108433798e-02
1.417669654289372602e+03,1.204819277108433798e-02
1.419718309859154942e+03,1.204819277108433798e-02
1.421766965428937283e+03,1.204819277108433798e-02
1.423815620998719623e+03,1.204819277108433798e-02
1.425864276568501964e+03,1.204819277108433798e-02
1.427912932138284305e+03,1.204819277108433798e-02
1.429961587708066645e+03,1.204819277108433798e-02
1.432010243277848986e+03,1.204819277108433798e-02
1.434058898847631326e+03,1.204819277108433798e-02
1.436107554417413667e+03,1.204819277108433798e-02
1.438156209987196007e+03,1.204819277108433798e-02
1.440204865556978120e+03,1.204819277108433798e-02
1.442253521126760461e+03,1.204819277108433798e-02
1.444302176696542801e+03,1.204819277108433798e-02
1.446350832266325142e+03,1.204819277108433798e-02
1.448399487836107483e+03,1.204819277108433798e-02
1.450448143405889823e+03,1.204819277108433798e-02
1.452496798975672164e+03,1.204819277108433798e-02
1.454545454545454504e+03,1.204819277108433798e-02
1.456594110115236845e+03,1.204819277108433798e-02
1.458642765685019185e+03,1.204819277108433798e-02
1.460691421254801526e+03,1.204819277108433798e-02
1.462740076824583866e+03,1.204819277108433798e-02
1.464788732394366207e+03,1.204819277108433798e-02
1.466837387964148547e+03,1.204819277108433798e-02
1.468886043533930888e+03,1.204819277108433798e-02
1.470934699103713228e+03,1.204819277108433798e-02
1.472983354673495569e+03,1.204819277108433798e-02
1.475032010243277909e+03,1.204819277108433798e-02
1.477080665813060250e+03,1.204819277108433798e-02
1.479129321382842591e+03,1.204819277108433798e-02
1.481177976952624931e+03,1.204819277108433798e-02
1.483226632522407272e+03,1.204819277108433798e-02
1.485275288092189612e+03,1.204819277108433798e-02
1.487323943661971725e+03,1.204819277108433798e-02
1.489372599231754066e+03,2.409638554216867595e-02
1.491421254801536406e+03,3.614457831325301046e-02
1.493469910371318747e+03,4.819277108433735191e-02
1.495518565941101087e+03,4.819277108433735191e-02
1.497567221510883428e+03,3.614457831325301046e-02
1.499615877080665769e+03,2.409638554216867595e-02
1.501664532650448109e+03,1.204819277108433798e-02
1.503713188220230450e+03,1.204819277108433798e-02
1.505761843790012790e+03,1.204819277108433798e-02
1.507810499359795131e+03,1.204819277108433798e-02
1.509859154929577471e+03,1.204819277108433798e-02
1.511907810499359812e+03,1.204819277108433798e-02
1.513956466069142152e+03,1.204819277108433798e-02
1.516005121638924493e+03,1.204819277108433798e-02
1.518053777208706833e+03,1.204819277108433798e-02
1.520102432778489174e+03,1.204819277108433798e-02
1.522151088348271514e+03,1.204819277108433798e-02
1.524199743918053855e+03,1.204819277108433798e-02
1.526248399487836195e+03,1.204819277108433798e-02
1.528297055057618536e+03,1.204819277108433798e-02
1.530345710627400877e+03,1.204819277108433798e-02
1.532394366197182990e+03,1.204819277108433798e-02
1.534443021766965330e+03,1.204819277108433798e-02
1.536491677336747671e+03,1.204819277108433798e-02
1.538540332906530011e+03,1.204819277108433798e-02
1.540588988476312352e+03,1.204819277108433798e-02
1.542637644046094692e+03,1.204819277108433798e-02
1.544686299615877033e+03,1.204819277108433798e-02
1.546734955185659373e+03,1.204819277108433798e-02
1.548783610755441714e+03,1.204819277108433798e-02
1.550832266325224055e+03,1.204819277108433798e-02
1.552880921895006395e+03,1.204819277108433798e-02
1.554929577464788736e+03,1.204819277108433798e-02
1.556978233034571076e+03,1.204819277108433798e-02
1.559026888604353417e+03,1.204819277108433798e-02
1.561075544174135757e+03,1.204819277108433798e-02
1.563124199743918098e+03,1.204819277108433798e-02
1.565172855313700438e+03,1.204819277108433798e-02
1.567221510883482779e+03,1.204819277108433798e-02
1.569270166453265119e+03,1.204819277108433798e-02
1.571318822023047460e+03,1.204819277108433798e-02
1.573367477592829800e+03,1.204819277108433798e-02
1.575416133162612141e+03,1.204819277108433798e-02
1.577464788732394254e+03,1.204819277108433798e-02
1.579513444302176595e+03,1.204819277108433798e-02
1.581562099871958935e+03,1.204819277108433798e-02
1.583610755441741276e+03,1.204819277108433798e-02
1.585659411011523616e+03,1.204819277108433798e-02
1.587708066581305957e+03,1.204819277108433798e-02
1.589756722151088297e+03,1.204819277108433798e-02
1.591805377720870638e+03,1.204819277108433798e-02
1.593854033290652978e+03,1.204819277108433798e-02
1.595902688860435319e+03,1.204819277108433798e-02
1.597951344430217659e+03,1.204819277108433798e-02
1.600000000000000000e+03,1.204819277108433798e-02
1.602048655569782341e+03,1.204819277108433798e-02
1.604097311139564681e+03,1.204819277108433798e-02
1.606145966709347022e+03,1.204819277108433798e-02
1.608194622279129362e+03,1.204819277108433798e-02
1.610243277848911703e+03,1.204819277108433798e-02
1.612291933418694043e+03,1.204819277108433798e-02
1.614340588988476384e+03,1.204819277108433798e-02
1.616389244558258724e+03,1.204819277108433798e-02
1.618437900128041065e+03,1.204819277108433798e-02
1.620486555697823405e+03,1.204819277108433798e-02
1.622535211267605746e+03,1.204819277108433798e-02
1.624583866837387859e+03,1.204819277108433798e-02
1.626632522407170200e+03,1.204819277108433798e-02
1.628681177976952540e+03,1.204819277108433798e-02
1.630729833546734881e+03,1.204819277108433798e-02
1.632778489116517221e+03,1.204819277108433798e-02
1.634827144686299562e+03,1.204819277108433798e-02
1.636875800256081902e+03,1.204819277108433798e-02
1.638924455825864243e+03,1.204819277108433798e-02
1.640973111395646583e+03,1.204819277108433798e-02
1.643021766965428924e+03,1.204819277108433798e-02
1.645070422535211264e+03,1.204819277108433798e-02
1.647119078104993605e+03,1.204819277108433798e-02
1.649167733674775945e+03,1.204819277108433798e-02
1.651216389244558286e+03,1.204819277108433798e-02
1.653265044814340627e+03,1.204819277108433798e-02
1.655313700384122967e+03,1.204819277108433798e-02
1.657362355953905308e+03,1.204819277108433798e-02
1.659411011523687648e+03,1.204819277108433798e-02
1.661459667093469989e+03,1.204819277108433798e-02
1.663508322663252329e+03,1.204819277108433798e-02
1.665556978233034670e+03,1.204819277108433798e-02
1.667605633802817010e+03,1.204819277108433798e-02
1.669654289372599123e+03,1.204819277108433798e-02
1.671702944942381464e+03,1.204819277108433798e-02
1.673751600512163805e+03,1.204819277108433798e-02
1.675800256081946145e+03,1.204819277108433798e-02
1.677848911651728486e+03,1.204819277108433798e-02
1.679897567221510826e+03,1.204819277108433798e-02
1.681946222791293167e+03,1.204819277108433798e-02
1.683994878361075507e+03,1.204819277108433798e-02
1.686043533930857848e+03,1.204819277108433798e-02
1.688092189500640188e+03,1.204819277108433798e-02
1.690140845070422529e+03,1.204819277108433798e-02
