mode,frequency_cm-1,Zmode_x,Zmode_y,Zmode_z,intensity_x,intensity_y,intensity_z,intensity_total
5,47.919362817993246,4.780987191779494e-15,3.885780586188048e-16,-8.365540780611586e-15,2.2857838527959568e-29,1.509929076399593e-31,6.998227255207551e-29,9.299110398767504e-29
6,48.31024167726061,2.4381525749359815e-15,-2.135039180068288e-15,-2.6148125934465175e-05,5.944587978666957e-30,4.5583923004266676e-30,6.837244898846503e-10,6.837244898846503e-10
7,126.54403567750862,-2.7697724833996483e-05,5.6403044646028335e-15,3.340426893427839e-16,7.671639609797855e-10,3.1813034453418656e-29,1.1158451830335964e-31,7.671639609797855e-10
8,126.58040488797087,-5.913492565293913e-15,-4.0933677448201644e-05,-1.9477323928828813e-14,3.4969394319786384e-29,1.6755659494334119e-09,3.7936614742852745e-28,1.6755659494334119e-09
9,180.35139813957562,6.353814908345998e-13,0.031178380505709043,-1.552592171769089e-14,4.0370963889519867e-25,0.0009720914109587777,2.4105424518386567e-28,0.0009720914109587777
10,180.3793851978758,-0.031177676316070334,6.420400977334727e-13,-1.0880185641326534e-14,0.0009720475004696531,4.1221548709760723e-25,1.1837843958972808e-28,0.0009720475004696531
11,213.20125162388177,2.9820065958630765e-15,1.7633426518461423e-16,-0.00010163840599191883,8.892363337770894e-30,3.1093773078197853e-32,1.033036557257812e-08,1.033036557257812e-08
12,213.21737593879033,-2.751220396981083e-15,-3.7643499428696714e-16,-1.5480589797307992e-14,7.569213672764749e-30,1.4170330492382898e-31,2.396486604725163e-28,2.4735957745020487e-28
13,282.23748363609604,-3.638175915046671e-16,5.960130392695939e-16,-0.13458569722911443,1.323632398882568e-31,3.552315429793785e-31,0.01811330989864686,0.01811330989864686
14,285.01412838411034,9.364316843181758e-06,-1.125354844711381e-15,3.822419811227995e-14,8.769042993949755e-11,1.2664235265153764e-30,1.4610893213268261e-27,8.769042993949755e-11
15,285.0334003799389,-1.0482202128861418e-15,2.8220909075763042e-05,1.3656610564627414e-14,1.0987656147030683e-30,7.964197090624848e-10,1.865030121138931e-28,7.964197090624848e-10
16,323.94736375923105,1.6657275602252608e-15,-1.4298559894692503e-15,-7.228601941455066e-05,2.774648304894e-30,2.0444881506210888e-30,5.225268602800795e-09,5.225268602800795e-09
17,323.9777102031033,1.11339739984052e-15,-4.530230357513432e-15,7.57410690794984e-15,1.2396537699716306e-30,2.0522987092136275e-29,5.73670954530535e-29,7.912973631516141e-29
18,345.8355801966173,2.2527106155948557e-06,4.254073899786007e-15,-5.854691731421724e-16,5.074705117613754e-12,1.8097144744840523e-29,3.4277415269977904e-31,5.074705117613754e-12
19,345.83750730647137,-4.1905769219280353e-16,-3.4129761148742055e-06,2.3108251423487047e-14,1.7560934938595847e-31,1.1648405960701826e-11,5.3399128385109115e-28,1.1648405960701826e-11
20,356.0026610809536,1.02706935933537e-15,1.1579279202145187e-15,1.4577305427002578e-14,1.0548714688855674e-30,1.3407970684123209e-30,2.124978335121188e-28,2.148935020494167e-28
21,356.01330758961257,-8.153200337090993e-17,-1.746541279656899e-15,1.936323517562344e-05,6.647467573674069e-33,3.0504064415455586e-30,3.749348764665009e-10,3.749348764665009e-10
22,380.19928993343797,-4.283682783490228e-15,-9.493047408575303e-16,-2.6055731136931035e-05,1.8349938189570588e-29,9.011794910145827e-31,6.789011250800374e-10,6.789011250800374e-10
23,380.2106590686815,-2.374992901216435e-15,2.2065682614424986e-15,-7.739456083534438e-16,5.6405912808284596e-30,4.868943492405371e-30,5.989918046895823e-31,1.1108526577923413e-29
24,383.98112148972075,1.3148073800207294e-13,0.06139213822330112,1.837813512189937e-15,1.7287184465569747e-26,0.0037689946356289105,3.377558505587912e-30,0.0037689946356289105
25,383.98577799779076,-0.06137477134964745,1.2018813538279608e-13,1.3083284455817079e-14,0.0037668625582215056,1.444518788679332e-26,1.711723321518248e-28,0.0037668625582215056
26,412.387970647347,-8.805078487836748e-08,-4.196587467721752e-15,-7.341349750333848e-15,7.752940717696547e-15,1.7611346374239266e-29,5.389541615672685e-29,7.752940717696618e-15
27,521.5805757328292,-0.0003257307322533016,7.586647114140057e-15,9.936496070395151e-15,1.0610050993427206e-07,5.755721443448966e-29,9.873395415697828e-29,1.0610050993427206e-07
28,521.5870242105958,7.163971534710636e-15,-0.00032238102855446614,9.92169485297102e-15,5.132248815014428e-29,1.0392952757183551e-07,9.844002875547163e-29,1.0392952757183551e-07
29,554.919822455974,-4.2932224920586796e-16,-3.491919371189506e-05,-9.558597403175328e-17,1.843175936631854e-31,1.2193500894888513e-09,9.136678431599013e-33,1.2193500894888513e-09
30,573.7983946680873,-4.148428562472661e-15,2.6645352591003757e-15,6.002143226879753e-16,1.7209459537938991e-29,7.099748146989106e-30,3.602572331597849e-31,2.4669464918087883e-29
31,573.8473241945267,-8.479870451660876e-15,-4.5913749363580795e-15,1.2626372378005124e-05,7.190820287695123e-29,2.1080723806217159e-29,1.5942527942805077e-10,1.5942527942805077e-10
32,582.2205804190045,2.713673334436492e-15,-9.3615111974074e-16,-3.893371193529078e-06,7.36402296603167e-30,8.76378918991841e-31,1.5158339250602037e-11,1.5158339250602037e-11
33,582.2441885712816,1.6540418936849405e-15,5.388051116383963e-15,5.064308347679791e-16,2.735854586064864e-30,2.903109483276647e-29,2.5647219040379217e-31,3.2023421609235124e-29
34,596.7028865782875,-7.107731287217534e-15,8.19380780972892e-06,-2.153659195425206e-15,5.051984405129102e-29,6.713848642277464e-11,4.638247930039546e-30,6.713848642277464e-11
35,596.7409693475345,2.738822717119165e-05,5.526415642383847e-15,7.973656457327394e-15,7.501149875808006e-10,3.054126985238487e-29,6.357919729947884e-29,7.501149875808006e-10
36,603.4893482610561,2.315530579777292e-15,-6.3095375056267224e-15,-1.7306187917098467e-05,5.361681865883761e-30,3.9810263534910283e-29,2.99504140221925e-10,2.99504140221925e-10
37,603.5068385642977,-6.727788540261931e-16,-1.1102230246251565e-16,6.000453777171088e-15,4.526313864247976e-31,1.232595164407831e-32,3.600544553196678e-29,3.6470402870035657e-29
38,603.7616568659644,-5.542235967902399e-05,-5.851410899150315e-16,1.6204051989099355e-14,3.0716379523911042e-09,3.4239009510695097e-31,2.6257130086543477e-28,3.0716379523911042e-09
39,603.7803058007551,-1.9331197977030565e-15,-9.298337713981725e-05,-6.0581366029788e-15,3.736952152271506e-30,8.645908424325488e-09,3.670101910035151e-29,8.645908424325488e-09
40,651.4704115905412,4.398392079135624e-05,2.9306289654144196e-15,3.023108022595644e-14,1.9345852881802994e-09,8.588586132925992e-30,9.139182116282146e-28,1.9345852881802994e-09
41,655.9877949831547,-3.893803682264441e-15,-1.8492558829727446e-15,-7.844789675050257e-05,1.5161707116016117e-29,3.419747320709305e-30,6.154072504577511e-09,6.154072504577511e-09
42,656.001637406102,-2.6684383869213235e-15,3.215309962723012e-15,2.1510571102112408e-15,7.120563424795275e-30,1.0338218156385856e-29,4.627046691390334e-30,2.2085828272571466e-29
43,672.5543073101593,-2.3613923316734287e-16,-7.8939855738604e-15,-7.596651202028404e-06,5.576173744086072e-32,6.231500824031611e-29,5.770910948527959e-11,5.770910948527959e-11
44,672.5668492267407,2.52552641061586e-15,-2.4147350785597155e-15,-2.2206084991944265e-14,6.378283650718228e-30,5.830945499626795e-30,4.931102106694523e-28,5.053194398197973e-28
45,674.2520973025947,3.1602324923607483e-15,3.319573977818184e-15,4.7817187120352544e-05,9.987069405772627e-30,1.1019571394207642e-29,2.286483384102809e-09,2.286483384102809e-09
46,674.2551249137829,2.6798178683925695e-15,8.118505867571457e-16,1.4330126576674935e-14,7.181423807756095e-30,6.591013752179218e-31,2.053525277035253e-28,2.1319305288649932e-28
47,716.5827116838277,0.003162694936077249,3.2854622695696503e-15,7.264805076956371e-15,1.0002639258688673e-05,1.0794262324765758e-29,5.277739280617106e-29,1.0002639258688673e-05
48,716.6071352969127,-5.243623232382307e-15,0.0030383928863861997,1.3407489522467087e-16,2.7495584603179477e-29,9.231831332042262e-06,1.797607752950647e-32,9.231831332042262e-06
49,756.5728269688493,1.0590223585091762e-14,-0.0006430607805739397,-7.588066775795605e-15,1.1215283558223383e-28,4.135271675123646e-07,5.75787573939331e-29,4.135271675123646e-07
50,756.576764145948,-0.0006104923614479232,-7.285092167508025e-15,2.2273849431542203e-15,3.7270092338626164e-07,5.307256788908677e-29,4.961243684990129e-30,3.7270092338626164e-07
51,764.9358428690025,3.714591230874273e-15,-1.0336349831607805e-14,-3.970769331974825e-16,1.3798188012488047e-29,1.068401278413787e-28,1.5767009087751799e-31,1.2079598594474425e-28
52,765.3107842559536,-2.451279468036055e-15,8.110160898975108e-15,0.00018867955668886555,6.008771030415125e-30,6.577470980726473e-29,3.559997511230683e-08,3.559997511230683e-08
53,795.4739017550602,-1.371287601603956e-14,-0.00012985227158957002,8.373934276909516e-15,1.88042968631273e-28,1.6861612436971454e-08,7.012277527400009e-29,1.6861612436971454e-08
54,795.4802709913404,-0.0010789395071662616,-1.5242436003994372e-15,-7.348288644237755e-15,1.1641104601241755e-06,2.3233185533586393e-30,5.399734599903354e-29,1.1641104601241755e-06
55,797.4736545373668,-0.06679854306928316,-2.0338378563959497e-13,0.0,0.004462045356178878,4.136496426109272e-26,0.0,0.004462045356178878
56,797.4775170027793,2.5693486392918745e-14,0.07508723100734423,6.9667271279094e-15,6.601552430231007e-28,0.005638092260350276,4.8535286874748764e-29,0.005638092260350276
57,797.5727513065056,0.4866278493101412,1.0907441087097739e-11,6.349087922075114e-15,0.2368066637242135,1.189722710685079e-22,4.031091744224009e-29,0.2368066637242135
58,797.6033021551198,-1.0984749779043283e-11,0.4854391858724415,-4.124593094114046e-16,1.2066472770819146e-22,0.2356512031804988,1.7012268192013277e-31,0.2356512031804988
59,818.3156369997807,5.518860108494339e-16,1.856049087209724e-15,0.4994389980170328,3.0457816897130147e-31,3.44491821413205e-30,0.24943931274025768,0.24943931274025768
60,867.510189355731,-1.5339292336324917e-15,-7.4169430018943355e-16,4.213669724778546e-05,2.3529388937923632e-30,5.501104349334936e-31,1.7755012549515308e-09,1.7755012549515308e-09
61,867.5173847635621,9.748673217963267e-19,6.938893903907228e-18,-2.1603455393893314e-15,9.503662951063429e-37,4.81482486096809e-35,4.667092849559382e-30,4.6671419481742865e-30
62,901.9869623137752,5.336696190840287e-16,-9.71445146547012e-16,5.122220043650664e-15,2.848032623332923e-31,9.437056727497456e-31,2.623713817557661e-29,2.746564711065965e-29
63,901.9957687527951,-2.715601181424443e-15,-9.130303559594131e-16,-0.00013336664123750341,7.37448977655383e-30,8.336244309033727e-31,1.7786660994972946e-08,1.7786660994972946e-08
64,1003.648327960939,1.530648998467082e-14,-1.017322041607649e-06,-7.271247172660056e-15,2.3428863565082813e-28,1.034944136340755e-12,5.287103544591686e-29,1.0349441363407552e-12
65,1003.6583030617803,2.9011541445860163e-06,-2.8743169571676457e-15,9.43689570931383e-16,8.41669537064862e-12,8.261697970261473e-30,8.905500062846579e-31,8.41669537064862e-12
66,1041.0596138345816,5.988724429595803e-16,2.942091015256665e-15,1.6183144060673604e-15,3.5864820293637573e-31,8.655899542053993e-30,2.6189415168851535e-30,1.1633489261875523e-29
67,1041.0665601400822,-1.6219664500383146e-15,-6.210083070406603e-15,-6.72918252822563e-06,2.6307751650498926e-30,3.8565131741350703e-29,4.5281897498177085e-11,4.5281897498177085e-11
68,1068.0195400112436,9.507247652656635e-15,-9.291675734594829e-06,-5.3853437194530624e-17,9.038775792894509e-29,8.633523795685834e-11,2.9001926976652543e-33,8.633523795685834e-11
69,1068.0238730922313,-1.3596663934186109e-05,-1.0430501006561648e-14,-8.715250743307479e-15,1.8486927013919726e-10,1.0879535124788356e-28,7.595559551872156e-29,1.8486927013919726e-10
70,1116.650209632692,1.1375513194581735e-15,-1.863093013199091e-15,2.6162261153517636e-15,1.2940230044010316e-30,3.4711155758312676e-30,6.84463908664858e-30,1.1609777666880879e-29
71,1116.665596727587,-1.126269216777942e-15,-3.15698213765572e-15,4.1128617342289786e-05,1.268482348661599e-30,9.966536217477278e-30,1.6915631644885e-09,1.6915631644885e-09
72,1140.698826219304,-1.1793530523420293e-05,7.589415207398531e-19,7.244205235679146e-15,1.3908736220684613e-10,5.759922319029209e-37,5.247850949664116e-29,1.3908736220684613e-10
73,1174.764643261973,-1.92571771480545e-15,-1.4554329963445412e-15,-6.039255416312522e-15,3.7083887171155246e-30,2.118285206848449e-30,3.6472605983460135e-29,4.2299279907424106e-29
74,1174.7829468144928,-2.674022028109624e-15,-8.055937428945766e-16,1.359759462144644e-05,7.150393806815506e-30,6.489812785908932e-31,1.8489457948918917e-10,1.8489457948918917e-10
75,1201.810853937493,-1.50396417257395e-16,3.5309755515626484e-05,1.2495430037895439e-16,2.2619082323860458e-32,1.246778834573315e-09,1.561357718319396e-32,1.246778834573315e-09
76,1209.7772082711967,-1.6962456077491235e-05,3.2256068254081856e-16,9.270362255620057e-15,2.8772491618081934e-10,1.0404539392119873e-31,8.593961635042499e-29,2.8772491618081934e-10
77,1209.8122328547706,1.1454524163777859e-15,8.278758221194615e-05,7.326697987052994e-15,1.3120612381857085e-30,6.853783768499743e-09,5.368050339348639e-29,6.853783768499743e-09
78,1212.0300668170914,-3.3650178365524017e-16,-2.9976021664879227e-15,1.4438962099212862e-14,1.1323345040315807e-31,8.985618748533088e-30,2.084836265025055e-28,2.175824787014417e-28
79,1212.0598493875386,-8.460246392338888e-15,3.3372057357069334e-15,2.6869394586973017e-05,7.157576901908317e-29,1.1136942122435254e-29,7.219643654704548e-10,7.219643654704548e-10
80,1226.8877308748042,2.785708981847505e-15,-3.790586129455778e-05,-1.6872898113123257e-14,7.760174531545863e-30,1.4368543204822536e-09,2.8469469073583836e-28,1.4368543204822536e-09
81,1226.912724268734,0.00017738699335094281,1.0190316927817629e-14,1.3739009929736312e-15,3.146614541008743e-08,1.0384255908936652e-28,1.88760393849393e-30,3.146614541008743e-08
82,1239.7837848242334,7.081658577983742e-06,-1.0271526287131088e-15,-7.78543896018391e-15,5.014988821513071e-11,1.0550425226722495e-30,6.061305980274953e-29,5.014988821513071e-11
83,1239.7972289916647,4.3006073345038735e-15,2.2586043288690127e-05,-6.8029186457233925e-15,1.849522344558851e-29,5.101293514385843e-10,4.6279702100331e-29,5.101293514385843e-10
84,1241.4983005042775,3.953957581232463e-15,3.552713678800501e-15,-1.6514590645476983e-14,1.563378055418567e-29,1.262177448353619e-29,2.7273170418767587e-28,3.009872592253977e-28
85,1241.511867843587,-5.764052429801936e-15,2.7193857941609306e-15,-2.0008557647943626e-06,3.32243004135056e-29,7.395059097484275e-30,4.003423791510833e-12,4.003423791510833e-12
86,1248.1662820516988,2.00768197355092e-16,-5.249273238305818e-15,1.2542835228147122e-14,4.0307869069213174e-32,2.755486953039365e-29,1.5732271556044846e-28,1.8491789295991132e-28
87,1248.1752500391456,-5.000340419503146e-16,-9.044190523931823e-15,0.00023600674627202722,2.5003404310916903e-31,8.179738223317818e-29,5.5699184285909037e-08,5.5699184285909037e-08
88,1252.3916388283526,-7.401743583829355e-15,-6.307104233116423e-05,1.6511246995269315e-14,5.478580808075902e-29,3.97795638073951e-09,2.7262127733879e-28,3.97795638073951e-09
89,1252.398879847738,-0.00013005560213637853,1.8331506956099773e-15,-5.537237335317968e-15,1.6914459647055988e-08,3.360441472815344e-30,3.0660997307639234e-29,1.6914459647055988e-08
90,1270.3285786795877,3.87439874515609e-15,0.0003141106967149221,4.807952363305987e-15,1.5010965636467084e-29,9.86655297907338e-08,2.311640592781962e-29,9.86655297907338e-08
91,1270.332732900172,-0.0003018940990698873,6.4136148016424846e-15,1.712519015484304e-14,9.114004705321894e-08,4.113445482384757e-29,2.9327213783953297e-28,9.114004705321894e-08
92,1276.5731253219187,-1.228292641208828e-15,1.9729035911549676e-15,4.120672263863839e-05,1.5087028124477586e-30,3.892348579992168e-30,1.6979939906176738e-09,1.6979939906176738e-09
93,1276.5748266522437,-1.1376555349788984e-15,1.54303653188137e-15,3.216019578181453e-15,1.2942601162681236e-30,2.380961738720486e-30,1.034278192724641e-29,1.401800378223502e-29
94,1298.8596690381053,-8.958213799628275e-06,1.6396389454498284e-15,-7.91033905045424e-15,8.024959447985045e-11,2.6884158714358252e-30,6.257346389314129e-29,8.024959447985045e-11
95,1301.4925104286647,-1.4954690399594604e-15,4.8867363606174e-16,1.7367403369034003e-14,2.23642764947727e-30,2.388019225818019e-31,3.0162669978273364e-28,3.041019293547927e-28
96,1301.496781259921,-5.906299754832034e-15,-3.759904713962481e-15,-0.00019551517062998958,3.4884376793928944e-29,1.4136883458077285e-29,3.8226181946473936e-08,3.8226181946473936e-08
97,1307.3318333712052,-8.414825521091797e-16,1.4155343563970746e-15,-4.77455531708304e-17,7.080928855041784e-31,2.0037375141404802e-30,2.279637847588593e-33,2.714110037492247e-30
98,1329.049733972961,1.6736223003324137e-12,-0.06547272783826741,9.832685799666542e-16,2.80101160416996e-24,0.004286678090583836,9.668171003496408e-31,0.004286678090583836
99,1329.0515933226047,-0.06552323012117584,-1.678892592398977e-12,1.5709655798445965e-14,0.004293293685512564,2.8186803368121575e-24,2.4679328530564693e-28,0.004293293685512564
100,1340.1511666814513,2.168404344971009e-18,6.396792817664476e-18,4.708075170972617,4.70197740328915e-36,4.091895835212383e-35,22.16597181552884,22.16597181552884
101,1344.4182856628104,2.515915894442139e-16,-1.3877787807814457e-16,3.421703215654084e-14,6.329832787906588e-32,1.9259299443872359e-32,1.1708052896017499e-27,1.1708878472290728e-27
102,1344.4480431425663,5.204170427930421e-18,3.630952114569196e-17,-0.001691346125875224,2.7083389842945504e-35,1.3183813258294515e-33,2.860651717513129e-06,2.860651717513129e-06
103,1428.3002321259196,1.3192040098112742e-14,-0.010879269107444245,-8.316914865136305e-15,1.7402992195021445e-28,0.0001183584963121907,6.917107287392523e-29,0.0001183584963121907
104,1428.323477280406,-0.011825707104009724,2.2219164984467465e-15,7.066829760260518e-16,0.00013984734850982605,4.936912926069851e-30,4.994008286050373e-31,0.00013984734850982605
105,1471.2533151751272,-7.611055543948163e-14,1.497687790643958,-1.4602034859034774e-15,5.7928166493064064e-27,2.2430687182439804,2.132194220244667e-30,2.2430687182439804
106,1471.2838031702588,1.4976800535394534,7.583980747564122e-14,7.500076948385725e-15,2.24304554276994,5.751676397942326e-27,5.625115423170694e-29,2.24304554276994
107,1476.4833576266954,7.323060614936733e-15,1.2456702336294256e-13,1.0062697203272464e-14,5.362721677003756e-29,1.5516943309503879e-26,1.0125787500474746e-28,1.5671828401278664e-26
108,1477.0917412572135,-2.4929189300967186e-14,-1.2570002818571707e-15,-0.00017938175096147762,6.214644792034568e-28,1.5800497085890066e-30,3.217781257800558e-08,3.217781257800558e-08
